"Date","Price","Open","High","Low","Vol.","Change %"
"12/31/2025","99.88","100.02","100.12","99.88","13.54M","-0.24%"
"12/30/2025","100.12","100.06","100.18","100.03","7.96M","-0.04%"
"12/29/2025","100.16","100.12","100.19","100.06","7.89M","0.12%"
"12/26/2025","100.04","100.13","100.15","99.97","6.50M","0.02%"
"12/24/2025","100.02","99.90","100.04","99.85","4.48M","0.22%"
"12/23/2025","99.80","99.60","99.82","99.58","9.74M","0.00%"
"12/22/2025","99.80","99.82","99.83","99.74","6.18M","-0.04%"
"12/19/2025","99.84","99.89","99.95","99.80","6.22M","-0.48%"
"12/18/2025","100.32","100.32","100.37","100.21","8.19M","0.25%"
"12/17/2025","100.07","100.03","100.14","100.01","12.01M","-0.03%"
"12/16/2025","100.10","99.87","100.15","99.86","8.61M","0.19%"
"12/15/2025","99.91","100.01","100.08","99.88","9.96M","0.10%"
"12/12/2025","99.81","99.84","99.92","99.78","7.59M","-0.31%"
"12/11/2025","100.12","100.32","100.35","100.08","9.96M","0.02%"
"12/10/2025","100.10","99.77","100.13","99.76","9.28M","0.32%"
"12/09/2025","99.78","100.04","100.04","99.77","5.97M","-0.09%"
"12/08/2025","99.87","100.02","100.03","99.74","8.04M","-0.16%"
"12/05/2025","100.03","100.17","100.17","99.96","6.87M","-0.11%"
"12/04/2025","100.14","100.25","100.31","100.11","6.95M","-0.24%"
"12/03/2025","100.38","100.30","100.39","100.21","9.74M","0.19%"
"12/02/2025","100.19","100.07","100.22","100.04","7.97M","0.13%"
"12/01/2025","100.06","100.07","100.14","100.02","7.25M","-0.75%"
"11/28/2025","100.82","100.91","100.94","100.70","5.06M","-0.14%"
"11/26/2025","100.96","100.78","100.97","100.66","8.94M","0.16%"
"11/25/2025","100.80","100.71","100.95","100.70","16.79M","0.16%"
"11/24/2025","100.64","100.51","100.66","100.50","7.72M","0.20%"
"11/21/2025","100.44","100.45","100.50","100.28","9.33M","0.24%"
"11/20/2025","100.20","100.18","100.28","100.14","12.97M","0.12%"
"11/19/2025","100.08","100.20","100.25","100.03","8.95M","0.00%"
"11/18/2025","100.08","100.25","100.27","100.00","7.73M","0.06%"
"11/17/2025","100.02","100.05","100.14","100.01","7.82M","0.02%"
"11/14/2025","100.00","100.30","100.32","99.98","6.35M","-0.12%"
"11/13/2025","100.12","100.24","100.33","100.12","7.54M","-0.30%"
"11/12/2025","100.42","100.42","100.50","100.36","6.27M","-0.04%"
"11/11/2025","100.46","100.38","100.49","100.33","5.19M","0.30%"
"11/10/2025","100.16","100.20","100.27","100.10","7.94M","-0.04%"
"11/07/2025","100.20","100.13","100.34","100.11","5.71M","-0.04%"
"11/06/2025","100.24","100.18","100.30","100.14","7.25M","0.37%"
"11/05/2025","99.87","100.10","100.11","99.82","8.16M","-0.27%"
"11/04/2025","100.14","100.15","100.28","100.13","29.69M","0.05%"
"11/03/2025","100.09","100.07","100.15","100.00","9.04M","-0.45%"
"10/31/2025","100.54","100.66","100.70","100.50","13.11M","-0.06%"
"10/30/2025","100.60","100.48","100.76","100.46","13.56M","-0.19%"
"10/29/2025","100.79","101.25","101.25","100.76","9.28M","-0.47%"
"10/28/2025","101.27","101.19","101.30","101.14","10.30M","0.06%"
"10/27/2025","101.21","101.08","101.21","100.97","8.53M","0.07%"
"10/24/2025","101.14","101.17","101.20","101.02","6.54M","0.10%"
"10/23/2025","101.04","101.11","101.17","101.01","9.98M","-0.18%"
"10/22/2025","101.22","101.16","101.24","101.09","13.26M","-0.01%"
"10/21/2025","101.23","101.27","101.35","101.20","12.97M","0.10%"
"10/20/2025","101.13","101.07","101.13","101.01","7.30M","0.17%"
"10/17/2025","100.96","101.01","101.01","100.86","11.74M","-0.14%"
"10/16/2025","101.10","100.69","101.11","100.67","10.04M","0.36%"
"10/15/2025","100.74","100.82","100.93","100.65","6.30M","-0.04%"
"10/14/2025","100.78","100.57","100.79","100.53","8.51M","0.16%"
"10/13/2025","100.62","100.46","100.63","100.36","8.32M","0.19%"
"10/10/2025","100.43","100.36","100.54","100.25","10.20M","0.41%"
"10/09/2025","100.02","100.08","100.10","100.00","5.20M","-0.12%"
"10/08/2025","100.14","100.31","100.33","100.11","5.73M","0.01%"
"10/07/2025","100.13","100.08","100.23","100.02","6.38M","0.17%"
"10/06/2025","99.96","100.00","100.14","99.95","6.95M","-0.22%"
"10/03/2025","100.18","100.32","100.38","100.16","5.27M","-0.11%"
"10/02/2025","100.29","100.14","100.32","100.10","6.06M","0.11%"
"10/01/2025","100.18","100.18","100.26","100.03","6.96M","-0.07%"
"09/30/2025","100.25","100.33","100.49","100.20","12.40M","-0.01%"
"09/29/2025","100.26","100.18","100.33","100.14","7.75M","0.19%"
"09/26/2025","100.07","100.09","100.21","99.97","6.87M","0.07%"
"09/25/2025","100.00","100.00","100.06","99.85","8.74M","-0.14%"
"09/24/2025","100.14","100.25","100.26","100.11","6.61M","-0.19%"
"09/23/2025","100.33","100.24","100.36","100.16","8.10M","0.16%"
"09/22/2025","100.17","100.26","100.29","100.12","5.64M","-0.12%"
"09/19/2025","100.29","100.30","100.36","100.21","7.24M","0.00%"
"09/18/2025","100.29","100.26","100.41","100.16","7.12M","-0.28%"
"09/17/2025","100.57","100.87","101.02","100.49","7.88M","-0.18%"
"09/16/2025","100.75","100.75","100.97","100.65","8.26M","0.04%"
"09/15/2025","100.71","100.67","100.74","100.62","5.04M","0.17%"
"09/12/2025","100.54","100.48","100.54","100.33","6.53M","-0.09%"
"09/11/2025","100.63","100.55","100.78","100.53","6.78M","0.19%"
"09/10/2025","100.44","100.41","100.58","100.34","5.95M","0.20%"
"09/09/2025","100.24","100.38","100.46","100.16","7.09M","-0.20%"
"09/08/2025","100.44","100.33","100.45","100.30","7.20M","0.34%"
"09/05/2025","100.10","100.14","100.23","100.08","7.62M","0.47%"
"09/04/2025","99.63","99.44","99.64","99.33","6.30M","0.40%"
"09/03/2025","99.23","98.95","99.33","98.95","8.40M","0.36%"
"09/02/2025","98.87","98.82","98.94","98.79","8.53M","-0.59%"
"08/29/2025","99.46","99.47","99.54","99.40","9.18M","-0.13%"
"08/28/2025","99.59","99.43","99.61","99.40","7.07M","0.12%"
"08/27/2025","99.47","99.22","99.47","99.17","7.32M","0.10%"
"08/26/2025","99.37","99.24","99.39","99.16","4.70M","0.12%"
"08/25/2025","99.25","99.21","99.34","99.16","5.63M","-0.15%"
"08/22/2025","99.40","99.03","99.44","99.00","9.45M","0.56%"
"08/21/2025","98.85","98.96","98.99","98.73","7.13M","-0.23%"
"08/20/2025","99.08","98.99","99.16","98.98","5.62M","0.06%"
"08/19/2025","99.02","98.94","99.04","98.91","9.95M","0.19%"
"08/18/2025","98.83","98.99","99.00","98.75","7.91M","-0.11%"
"08/15/2025","98.94","99.07","99.10","98.87","6.88M","-0.15%"
"08/14/2025","99.09","99.18","99.27","99.02","5.21M","-0.28%"
"08/13/2025","99.37","99.28","99.41","99.26","5.39M","0.36%"
"08/12/2025","99.01","98.91","99.01","98.79","12.24M","0.00%"
"08/11/2025","99.01","99.01","99.11","98.94","9.70M","0.07%"
"08/08/2025","98.94","99.00","99.12","98.89","8.24M","-0.19%"
"08/07/2025","99.13","99.23","99.32","99.09","7.87M","-0.08%"
"08/06/2025","99.21","99.14","99.29","98.83","8.10M","-0.04%"
"08/05/2025","99.25","99.13","99.31","99.11","9.09M","0.03%"
"08/04/2025","99.22","99.16","99.24","99.03","6.72M","0.08%"
"08/01/2025","99.14","98.87","99.16","98.85","12.42M","0.53%"
"07/31/2025","98.62","98.72","98.83","98.57","19.77M","0.05%"
"07/30/2025","98.57","98.67","98.82","98.52","8.31M","-0.28%"
"07/29/2025","98.85","98.42","98.85","98.42","12.02M","0.54%"
"07/28/2025","98.32","98.36","98.42","98.28","7.03M","-0.13%"
"07/25/2025","98.45","98.30","98.48","98.25","5.53M","0.16%"
"07/24/2025","98.29","98.11","98.36","98.09","9.64M","-0.06%"
"07/23/2025","98.35","98.45","98.48","98.32","7.47M","-0.22%"
"07/22/2025","98.57","98.48","98.64","98.43","6.17M","0.19%"
"07/21/2025","98.38","98.46","98.54","98.36","6.87M","0.28%"
"07/18/2025","98.11","98.15","98.17","98.04","8.44M","0.18%"
"07/17/2025","97.93","97.98","98.06","97.86","8.36M","0.04%"
"07/16/2025","97.89","97.89","98.02","97.68","23.56M","0.14%"
"07/15/2025","97.75","98.16","98.16","97.70","9.68M","-0.30%"
"07/14/2025","98.04","98.01","98.13","97.93","6.23M","-0.01%"
"07/11/2025","98.05","98.17","98.25","98.02","6.11M","-0.42%"
"07/10/2025","98.46","98.42","98.48","98.30","5.13M","-0.03%"
"07/09/2025","98.49","98.21","98.49","98.13","11.04M","0.42%"
"07/08/2025","98.08","97.95","98.08","97.93","7.80M","-0.04%"
"07/07/2025","98.12","98.32","98.33","98.06","8.09M","-0.36%"
"07/03/2025","98.47","98.53","98.59","98.41","4.58M","-0.20%"
"07/02/2025","98.67","98.68","98.70","98.54","8.76M","-0.12%"
"07/01/2025","98.79","98.87","98.95","98.67","18.48M","-0.41%"
"06/30/2025","99.20","99.05","99.23","98.94","14.04M","0.40%"
"06/27/2025","98.80","98.87","99.10","98.76","25.93M","-0.28%"
"06/26/2025","99.08","98.80","99.10","98.78","9.78M","0.27%"
"06/25/2025","98.81","98.62","98.81","98.52","8.43M","-0.01%"
"06/24/2025","98.82","98.36","98.82","98.34","7.91M","0.41%"
"06/23/2025","98.42","98.40","98.65","98.30","5.88M","0.20%"
"06/20/2025","98.22","98.00","98.31","97.95","6.21M","0.09%"
"06/18/2025","98.13","98.21","98.39","98.03","5.91M","0.07%"
"06/17/2025","98.06","97.95","98.11","97.76","5.31M","0.31%"
"06/16/2025","97.76","97.89","98.07","97.75","5.68M","-0.20%"
"06/13/2025","97.96","98.11","98.16","97.76","8.05M","-0.36%"
"06/12/2025","98.31","98.24","98.32","98.12","5.73M","0.37%"
"06/11/2025","97.95","97.79","97.98","97.70","5.99M","0.34%"
"06/10/2025","97.62","97.72","97.74","97.50","4.99M","0.23%"
"06/09/2025","97.40","97.29","97.54","97.27","7.10M","0.12%"
"06/06/2025","97.28","97.46","97.53","97.25","6.30M","-0.51%"
"06/05/2025","97.78","98.03","98.12","97.77","10.46M","-0.26%"
"06/04/2025","98.03","97.75","98.09","97.69","7.76M","0.60%"
"06/03/2025","97.45","97.60","97.75","97.37","7.18M","-0.07%"
"06/02/2025","97.52","97.23","97.60","97.23","28.39M","-0.59%"
"05/30/2025","98.10","97.86","98.10","97.80","15.49M","0.25%"
"05/29/2025","97.86","97.74","97.94","97.70","7.72M","0.37%"
"05/28/2025","97.50","97.56","97.67","97.38","4.91M","-0.18%"
"05/27/2025","97.68","97.51","97.74","97.42","7.46M","0.45%"
"05/23/2025","97.24","97.34","97.38","97.08","5.21M","0.14%"
"05/22/2025","97.10","96.77","97.11","96.66","6.08M","0.29%"
"05/21/2025","96.82","97.17","97.28","96.74","12.39M","-0.66%"
"05/20/2025","97.46","97.52","97.54","97.28","7.50M","-0.17%"
"05/19/2025","97.63","97.14","97.66","97.10","7.23M","-0.03%"
"05/16/2025","97.66","97.91","97.92","97.62","5.26M","0.06%"
"05/15/2025","97.60","97.31","97.60","97.22","7.64M","0.57%"
"05/14/2025","97.05","97.28","97.34","97.01","7.35M","-0.29%"
"05/13/2025","97.33","97.50","97.55","97.24","6.31M","-0.10%"
"05/12/2025","97.43","97.45","97.66","97.33","10.77M","-0.34%"
"05/09/2025","97.76","97.86","97.97","97.74","5.74M","0.10%"
"05/08/2025","97.66","98.21","98.23","97.65","7.81M","-0.52%"
"05/07/2025","98.17","98.16","98.34","98.09","6.56M","0.15%"
"05/06/2025","98.02","97.78","98.02","97.65","11.73M","0.25%"
"05/05/2025","97.78","97.90","97.91","97.64","14.27M","-0.17%"
"05/02/2025","97.95","98.06","98.34","97.82","9.88M","-0.49%"
"05/01/2025","98.43","98.83","98.87","98.28","6.91M","-0.60%"
"04/30/2025","99.02","98.99","99.17","98.88","7.37M","-0.09%"
"04/29/2025","99.11","98.76","99.11","98.75","6.73M","0.24%"
"04/28/2025","98.87","98.52","98.90","98.50","4.89M","0.27%"
"04/25/2025","98.60","98.47","98.63","98.36","9.06M","0.37%"
"04/24/2025","98.24","98.06","98.25","98.00","8.52M","0.55%"
"04/23/2025","97.70","98.33","98.47","97.65","13.38M","0.25%"
"04/22/2025","97.46","97.61","97.77","97.44","6.52M","0.19%"
"04/21/2025","97.28","97.61","97.83","97.28","7.93M","-0.60%"
"04/17/2025","97.87","98.06","98.11","97.81","5.59M","-0.25%"
"04/16/2025","98.12","97.88","98.19","97.72","10.11M","0.32%"
"04/15/2025","97.81","97.60","97.96","97.51","10.07M","0.20%"
"04/14/2025","97.61","97.44","97.69","97.27","7.94M","0.59%"
"04/11/2025","97.04","96.66","97.17","96.15","8.44M","-0.10%"
"04/10/2025","97.14","97.67","97.86","97.11","9.94M","-0.79%"
"04/09/2025","97.91","97.07","97.99","96.63","16.24M","0.23%"
"04/08/2025","97.69","98.10","98.69","97.64","13.17M","-0.52%"
"04/07/2025","98.20","99.22","99.31","98.00","21.80M","-1.27%"
"04/04/2025","99.46","99.92","100.55","99.44","14.91M","0.09%"
"04/03/2025","99.37","99.47","99.73","99.05","9.91M","0.53%"
"04/02/2025","98.85","99.17","99.21","98.61","8.23M","-0.11%"
"04/01/2025","98.96","98.81","99.13","98.62","10.30M","0.04%"
"03/31/2025","98.92","98.98","99.09","98.70","13.35M","0.19%"
"03/28/2025","98.73","98.54","98.82","98.46","8.53M","0.58%"
"03/27/2025","98.16","98.16","98.23","98.01","9.51M","-0.05%"
"03/26/2025","98.21","98.36","98.40","98.20","6.74M","-0.24%"
"03/25/2025","98.45","98.37","98.56","98.34","5.66M","0.09%"
"03/24/2025","98.36","98.60","98.64","98.32","4.89M","-0.38%"
"03/21/2025","98.74","98.96","99.04","98.74","5.03M","-0.12%"
"03/20/2025","98.86","99.22","99.25","98.80","6.56M","0.06%"
"03/19/2025","98.80","98.42","98.83","98.32","6.76M","0.29%"
"03/18/2025","98.51","98.30","98.62","98.28","9.02M","0.10%"
"03/17/2025","98.41","98.49","98.65","98.35","10.61M","0.13%"
"03/14/2025","98.28","98.34","98.42","98.25","8.95M","-0.20%"
"03/13/2025","98.48","98.09","98.50","98.01","7.96M","0.31%"
"03/12/2025","98.18","98.30","98.43","98.16","8.44M","-0.29%"
"03/11/2025","98.47","98.77","98.94","98.42","10.19M","-0.35%"
"03/10/2025","98.82","98.81","98.99","98.73","12.32M","0.48%"
"03/07/2025","98.35","98.85","98.98","98.30","6.45M","-0.12%"
"03/06/2025","98.47","98.51","98.62","98.23","9.95M","-0.10%"
"03/05/2025","98.57","98.97","99.06","98.55","7.30M","-0.34%"
"03/04/2025","98.91","99.30","99.40","98.81","7.53M","-0.25%"
"03/03/2025","99.16","98.66","99.19","98.60","7.53M","-0.09%"
"02/28/2025","99.25","99.08","99.29","98.92","14.45M","0.45%"
"02/27/2025","98.81","98.77","98.93","98.72","6.26M","-0.15%"
"02/26/2025","98.96","98.77","99.02","98.65","5.04M","0.16%"
"02/25/2025","98.80","98.65","98.81","98.56","5.80M","0.62%"
"02/24/2025","98.19","97.96","98.24","97.93","7.30M","0.17%"
"02/21/2025","98.02","97.75","98.18","97.70","7.07M","0.43%"
"02/20/2025","97.60","97.54","97.67","97.50","27.96M","0.15%"
"02/19/2025","97.45","97.27","97.50","97.27","5.60M","0.14%"
"02/18/2025","97.31","97.46","97.58","97.31","8.16M","-0.40%"
"02/14/2025","97.70","97.75","97.88","97.67","6.26M","0.37%"
"02/13/2025","97.34","97.16","97.43","96.84","7.04M","0.60%"
"02/12/2025","96.76","96.77","96.88","96.61","6.40M","-0.52%"
"02/11/2025","97.27","97.27","97.34","97.22","8.00M","-0.23%"
"02/10/2025","97.49","97.57","97.68","97.41","6.04M","0.03%"
"02/07/2025","97.46","97.52","97.59","97.36","6.42M","-0.32%"
"02/06/2025","97.77","97.77","97.88","97.63","6.63M","-0.10%"
"02/05/2025","97.87","97.70","98.00","97.66","9.72M","0.53%"
"02/04/2025","97.35","97.02","97.38","97.00","8.48M","0.19%"
"02/03/2025","97.17","97.34","97.54","97.05","9.98M","-0.24%"
"01/31/2025","97.40","97.62","97.73","97.26","10.75M","-0.20%"
"01/30/2025","97.60","97.62","97.72","97.52","6.80M","0.14%"
"01/29/2025","97.46","97.58","97.64","97.22","5.91M","-0.06%"
"01/28/2025","97.52","97.34","97.53","97.29","5.73M","-0.03%"
"01/27/2025","97.55","97.49","97.56","97.31","7.60M","0.56%"
"01/24/2025","97.01","96.87","97.11","96.80","6.46M","0.17%"
"01/23/2025","96.85","96.77","96.92","96.72","7.71M","-0.16%"
"01/22/2025","97.01","97.21","97.25","96.96","7.28M","-0.24%"
"01/21/2025","97.24","97.15","97.28","97.09","7.73M","0.33%"
"01/17/2025","96.92","97.07","97.10","96.87","5.36M","0.00%"
"01/16/2025","96.92","96.63","97.03","96.50","9.81M","0.22%"
"01/15/2025","96.71","96.94","96.94","96.55","9.56M","0.87%"
"01/14/2025","95.88","95.86","95.93","95.75","5.49M","0.03%"
"01/13/2025","95.85","95.94","95.95","95.74","10.42M","-0.09%"
"01/10/2025","95.94","95.85","96.22","95.85","9.82M","-0.56%"
"01/08/2025","96.48","96.27","96.52","96.23","7.44M","0.11%"
"01/07/2025","96.37","96.61","96.68","96.24","9.15M","-0.35%"
"01/06/2025","96.71","96.72","96.80","96.58","9.25M","-0.10%"
"01/03/2025","96.81","97.03","97.07","96.79","5.33M","-0.10%"
"01/02/2025","96.91","97.07","97.21","96.78","5.55M","0.01%"
"12/31/2024","96.90","97.15","97.21","96.83","12.28M","-0.12%"
"12/30/2024","97.02","97.00","97.08","96.96","10.15M","0.39%"
"12/27/2024","96.64","96.79","96.89","96.61","8.60M","-0.21%"
"12/26/2024","96.84","96.52","96.88","96.51","10.62M","0.07%"
"12/24/2024","96.77","96.50","96.78","96.47","4.74M","0.11%"
"12/23/2024","96.66","96.95","96.97","96.60","10.54M","-0.31%"
"12/20/2024","96.96","97.05","97.22","96.94","8.66M","0.27%"
"12/19/2024","96.70","96.76","96.82","96.50","15.49M","-0.26%"
"12/18/2024","96.95","97.66","97.80","96.90","14.26M","-1.08%"
"12/17/2024","98.01","98.00","98.13","97.95","7.24M","0.00%"
"12/16/2024","98.01","98.07","98.10","97.88","7.12M","0.09%"
"12/13/2024","97.92","98.20","98.23","97.87","6.57M","-0.38%"
"12/12/2024","98.29","98.53","98.58","98.25","12.35M","-0.41%"
"12/11/2024","98.69","99.08","99.15","98.66","8.10M","-0.23%"
"12/10/2024","98.92","98.87","98.99","98.80","5.98M","-0.12%"
"12/09/2024","99.04","99.20","99.22","99.03","10.69M","-0.29%"
"12/06/2024","99.33","99.40","99.44","99.14","12.89M","0.28%"
"12/05/2024","99.05","98.96","99.11","98.85","8.79M","0.02%"
"12/04/2024","99.03","98.52","99.09","98.48","7.45M","0.32%"
"12/03/2024","98.71","98.97","99.06","98.67","6.89M","-0.19%"
"12/02/2024","98.90","99.39","99.60","98.58","18.40M","-0.30%"
"11/29/2024","99.20","99.15","99.21","99.08","9.62M","0.39%"
"11/27/2024","98.81","98.80","98.93","98.65","8.75M","0.27%"
"11/26/2024","98.54","98.49","98.54","98.30","11.30M","-0.15%"
"11/25/2024","98.69","98.53","98.70","98.43","9.25M","0.90%"
"11/22/2024","97.81","97.87","97.92","97.72","4.99M","0.07%"
"11/21/2024","97.74","97.85","98.01","97.67","6.35M","-0.05%"
"11/20/2024","97.79","97.69","97.93","97.67","5.55M","-0.10%"
"11/19/2024","97.89","97.95","98.04","97.87","4.74M","0.14%"
"11/18/2024","97.75","97.55","97.82","97.46","5.26M","0.09%"
"11/15/2024","97.66","97.44","97.88","97.26","11.84M","0.01%"
"11/14/2024","97.65","97.85","97.99","97.57","7.31M","-0.04%"
"11/13/2024","97.69","98.17","98.20","97.57","15.83M","-0.02%"
"11/12/2024","97.71","97.98","98.14","97.65","16.78M","-0.58%"
"11/11/2024","98.28","98.30","98.33","98.16","4.50M","-0.22%"
"11/08/2024","98.50","98.48","98.71","98.37","6.20M","0.17%"
"11/07/2024","98.33","97.96","98.54","97.90","17.40M","0.76%"
"11/06/2024","97.59","97.43","97.82","97.36","9.16M","-0.78%"
"11/05/2024","98.36","98.09","98.39","97.86","6.66M","0.23%"
"11/04/2024","98.13","98.25","98.38","97.95","6.63M","0.42%"
"11/01/2024","97.72","98.29","98.38","97.68","10.39M","-0.71%"
"10/31/2024","98.42","98.32","98.58","98.15","12.75M","-0.02%"
"10/30/2024","98.44","98.75","98.94","98.40","11.19M","-0.10%"
"10/29/2024","98.54","98.12","98.56","98.09","5.42M","0.11%"
"10/28/2024","98.43","98.64","98.65","98.29","7.36M","-0.16%"
"10/25/2024","98.59","98.97","98.99","98.54","9.03M","-0.20%"
"10/24/2024","98.79","98.68","98.95","98.60","7.56M","0.19%"
"10/23/2024","98.60","98.57","98.76","98.48","19.66M","-0.25%"
"10/22/2024","98.85","98.93","99.01","98.77","11.40M","0.02%"
"10/21/2024","98.83","99.18","99.21","98.83","6.87M","-0.69%"
"10/18/2024","99.52","99.63","99.68","99.50","4.97M","0.07%"
"10/17/2024","99.45","99.60","99.66","99.42","5.31M","-0.49%"
"10/16/2024","99.94","99.96","100.04","99.87","4.74M","0.13%"
"10/15/2024","99.81","99.74","99.84","99.68","7.16M","0.40%"
"10/14/2024","99.41","99.20","99.42","99.17","3.51M","-0.09%"
"10/11/2024","99.50","99.41","99.62","99.36","4.88M","0.03%"
"10/10/2024","99.47","99.45","99.55","99.23","5.76M","-0.06%"
"10/09/2024","99.53","99.64","99.67","99.47","8.22M","-0.26%"
"10/08/2024","99.79","99.52","99.79","99.49","7.34M","0.17%"
"10/07/2024","99.62","99.64","99.76","99.58","6.38M","-0.34%"
"10/04/2024","99.96","100.10","100.14","99.89","9.64M","-0.65%"
"10/03/2024","100.61","100.85","100.89","100.59","8.75M","-0.41%"
"10/02/2024","101.02","100.88","101.11","100.81","11.70M","-0.21%"
"10/01/2024","101.23","101.27","101.44","101.15","8.81M","-0.04%"
"09/30/2024","101.27","101.44","101.48","101.14","9.11M","-0.23%"
"09/27/2024","101.50","101.41","101.56","101.32","5.03M","0.29%"
"09/26/2024","101.21","101.32","101.35","101.00","8.12M","0.02%"
"09/25/2024","101.19","101.42","101.43","101.19","9.26M","-0.38%"
"09/24/2024","101.58","101.27","101.62","101.22","5.80M","0.14%"
"09/23/2024","101.44","101.34","101.59","101.18","8.43M","-0.04%"
"09/20/2024","101.48","101.43","101.65","101.32","8.46M","-0.09%"
"09/19/2024","101.57","101.41","101.61","101.37","5.08M","0.01%"
"09/18/2024","101.56","101.68","102.03","101.53","6.28M","-0.31%"
"09/17/2024","101.88","101.99","102.03","101.82","9.26M","-0.10%"
"09/16/2024","101.98","101.83","102.04","101.75","8.43M","0.24%"
"09/13/2024","101.74","101.76","101.82","101.62","5.33M","0.21%"
"09/12/2024","101.53","101.56","101.65","101.38","6.42M","-0.09%"
"09/11/2024","101.62","101.51","101.85","101.46","4.18M","-0.03%"
"09/10/2024","101.65","101.34","101.70","101.31","5.98M","0.31%"
"09/09/2024","101.34","101.15","101.43","101.05","7.57M","0.15%"
"09/06/2024","101.19","101.13","101.60","100.97","8.83M","0.13%"
"09/05/2024","101.06","101.02","101.11","100.75","11.92M","0.26%"
"09/04/2024","100.80","100.43","100.85","100.40","10.87M","0.44%"
"09/03/2024","100.36","100.32","100.53","100.23","6.84M","0.11%"
"08/30/2024","100.25","100.51","100.64","100.22","7.21M","-0.24%"
"08/29/2024","100.49","100.45","100.55","100.35","6.91M","-0.13%"
"08/28/2024","100.62","100.71","100.77","100.60","6.96M","-0.09%"
"08/27/2024","100.71","100.48","100.74","100.43","7.97M","0.03%"
"08/26/2024","100.68","100.92","100.92","100.66","6.65M","-0.09%"
"08/23/2024","100.77","100.52","100.81","100.43","6.18M","0.46%"
"08/22/2024","100.31","100.54","100.57","100.23","7.89M","-0.41%"
"08/21/2024","100.72","100.61","100.90","100.43","6.37M","0.19%"
"08/20/2024","100.53","100.41","100.56","100.33","5.52M","0.30%"
"08/19/2024","100.23","100.07","100.34","100.04","4.69M","0.11%"
"08/16/2024","100.12","100.03","100.12","99.85","6.51M","0.24%"
"08/15/2024","99.88","99.70","99.90","99.65","8.63M","-0.42%"
"08/14/2024","100.30","100.15","100.40","100.14","9.87M","0.18%"
"08/13/2024","100.12","100.04","100.12","99.93","3.93M","0.40%"
"08/12/2024","99.72","99.47","99.78","99.41","7.30M","0.17%"
"08/09/2024","99.55","99.64","99.70","99.48","3.88M","0.35%"
"08/08/2024","99.20","99.11","99.28","99.07","5.56M","-0.15%"
"08/07/2024","99.35","99.51","99.61","99.24","8.09M","-0.30%"
"08/06/2024","99.65","100.14","100.15","99.63","10.95M","-0.60%"
"08/05/2024","100.25","100.82","100.89","100.02","12.07M","-0.08%"
"08/02/2024","100.33","99.88","100.37","99.80","9.40M","1.12%"
"08/01/2024","99.22","99.01","99.32","99.00","9.64M","0.11%"
"07/31/2024","99.11","98.81","99.12","98.65","11.73M","0.54%"
"07/30/2024","98.58","98.52","98.64","98.38","5.85M","0.10%"
"07/29/2024","98.48","98.54","98.54","98.37","6.82M","0.16%"
"07/26/2024","98.32","98.29","98.36","98.18","4.24M","0.36%"
"07/25/2024","97.97","97.84","98.14","97.82","12.77M","0.28%"
"07/24/2024","97.70","97.82","98.19","97.70","6.58M","-0.31%"
"07/23/2024","98.00","98.10","98.18","97.98","7.23M","-0.01%"
"07/22/2024","98.01","98.12","98.20","97.86","11.66M","-0.04%"
"07/19/2024","98.05","98.04","98.10","97.97","7.74M","-0.20%"
"07/18/2024","98.25","98.37","98.56","98.21","10.58M","-0.27%"
"07/17/2024","98.52","98.26","98.57","98.23","5.68M","0.07%"
"07/16/2024","98.45","98.18","98.45","98.14","8.94M","0.41%"
"07/15/2024","98.05","98.15","98.28","98.03","6.98M","-0.35%"
"07/12/2024","98.39","98.17","98.39","98.13","6.33M","0.28%"
"07/11/2024","98.12","98.18","98.31","98.09","3.79M","0.51%"
"07/10/2024","97.62","97.61","97.67","97.49","4.59M","0.10%"
"07/09/2024","97.52","97.51","97.61","97.34","5.00M","-0.09%"
"07/08/2024","97.61","97.59","97.65","97.45","4.60M","0.03%"
"07/05/2024","97.58","97.45","97.63","97.31","3.49M","0.50%"
"07/03/2024","97.09","96.80","97.17","96.77","4.06M","0.54%"
"07/02/2024","96.57","96.64","96.67","96.44","5.44M","0.33%"
"07/01/2024","96.25","96.43","96.66","96.22","12.24M","-0.84%"
"06/28/2024","97.07","97.77","97.79","97.07","12.78M","-0.49%"
"06/27/2024","97.55","97.56","97.67","97.54","5.28M","0.16%"
"06/26/2024","97.39","97.43","97.49","97.37","4.96M","-0.45%"
"06/25/2024","97.83","97.78","97.88","97.71","5.70M","-0.01%"
"06/24/2024","97.84","97.82","97.86","97.72","5.02M","0.08%"
"06/21/2024","97.76","97.89","97.98","97.64","4.72M","0.01%"
"06/20/2024","97.75","97.55","97.77","97.51","5.62M","-0.17%"
"06/18/2024","97.92","97.70","98.04","97.68","7.03M","0.36%"
"06/17/2024","97.57","97.57","97.60","97.44","5.27M","-0.36%"
"06/14/2024","97.92","97.85","98.04","97.85","6.24M","0.10%"
"06/13/2024","97.82","97.70","97.93","97.58","7.09M","0.50%"
"06/12/2024","97.33","97.60","97.81","97.31","7.63M","0.47%"
"06/11/2024","96.87","96.64","96.93","96.56","4.65M","0.34%"
"06/10/2024","96.54","96.52","96.59","96.43","8.24M","-0.08%"
"06/07/2024","96.62","96.82","96.82","96.62","5.36M","-0.88%"
"06/06/2024","97.48","97.31","97.50","97.31","6.57M","0.03%"
"06/05/2024","97.45","97.29","97.45","97.04","4.60M","0.31%"
"06/04/2024","97.15","97.00","97.24","96.94","3.98M","0.36%"
"06/03/2024","96.80","96.40","96.80","96.38","6.10M","0.29%"
"05/31/2024","96.52","96.46","96.59","96.41","8.76M","0.32%"
"05/30/2024","96.21","96.08","96.23","96.02","5.57M","0.47%"
"05/29/2024","95.76","95.91","95.93","95.63","8.25M","-0.38%"
"05/28/2024","96.13","96.67","96.69","96.12","6.05M","-0.47%"
"05/24/2024","96.58","96.43","96.62","96.39","3.07M","0.11%"
"05/23/2024","96.47","96.83","96.83","96.37","5.09M","-0.28%"
"05/22/2024","96.74","96.66","96.89","96.65","3.82M","-0.12%"
"05/21/2024","96.86","96.92","96.94","96.83","5.23M","0.19%"
"05/20/2024","96.68","96.71","96.76","96.67","5.26M","-0.09%"
"05/17/2024","96.77","96.92","97.00","96.77","5.27M","-0.32%"
"05/16/2024","97.08","97.23","97.27","97.01","7.89M","-0.11%"
"05/15/2024","97.19","97.11","97.28","96.98","5.85M","0.66%"
"05/14/2024","96.55","96.50","96.64","96.42","5.24M","0.27%"
"05/13/2024","96.29","96.44","96.47","96.28","5.26M","0.05%"
"05/10/2024","96.24","96.26","96.32","96.16","5.33M","-0.21%"
"05/09/2024","96.44","96.20","96.53","96.19","6.73M","0.19%"
"05/08/2024","96.26","96.25","96.35","96.23","4.59M","-0.21%"
"05/07/2024","96.46","96.53","96.67","96.38","7.69M","0.21%"
"05/06/2024","96.26","96.21","96.33","96.15","10.16M","0.07%"
"05/03/2024","96.19","96.32","96.46","95.93","9.15M","0.51%"
"05/02/2024","95.70","95.27","95.73","95.22","7.61M","0.45%"
"05/01/2024","95.27","95.20","95.58","94.99","11.02M","0.04%"
"04/30/2024","95.23","95.32","95.50","95.15","11.23M","-0.41%"
"04/29/2024","95.62","95.60","95.67","95.45","7.38M","0.30%"
"04/26/2024","95.33","95.32","95.47","95.30","8.44M","0.22%"
"04/25/2024","95.12","94.94","95.14","94.85","6.76M","-0.28%"
"04/24/2024","95.39","95.38","95.46","95.20","7.96M","-0.26%"
"04/23/2024","95.64","95.38","95.84","95.30","10.84M","0.21%"
"04/22/2024","95.44","95.33","95.53","95.32","9.03M","0.06%"
"04/19/2024","95.38","95.53","95.55","95.33","9.12M","0.10%"
"04/18/2024","95.28","95.55","95.57","95.22","7.72M","-0.28%"
"04/17/2024","95.55","95.40","95.61","95.25","7.57M","0.46%"
"04/16/2024","95.11","95.01","95.18","94.90","17.57M","-0.28%"
"04/15/2024","95.38","95.47","95.53","95.21","11.71M","-0.60%"
"04/12/2024","95.96","96.08","96.20","95.96","17.28M","0.19%"
"04/11/2024","95.78","95.98","96.03","95.59","16.22M","0.02%"
"04/10/2024","95.76","96.22","96.27","95.74","11.25M","-1.20%"
"04/09/2024","96.92","96.83","96.98","96.83","5.74M","0.34%"
"04/08/2024","96.59","96.56","96.70","96.50","11.46M","-0.09%"
"04/05/2024","96.68","96.76","97.00","96.68","12.34M","-0.49%"
"04/04/2024","97.16","97.11","97.17","96.92","9.33M","0.24%"
"04/03/2024","96.93","96.58","96.95","96.49","6.92M","0.06%"
"04/02/2024","96.87","96.66","96.89","96.54","10.62M","-0.07%"
"04/01/2024","96.94","97.32","97.34","96.89","8.67M","-1.02%"
"03/28/2024","97.94","97.93","98.08","97.85","8.86M","-0.12%"
"03/27/2024","98.06","97.80","98.07","97.79","9.37M","0.33%"
"03/26/2024","97.74","97.66","97.76","97.52","8.83M","0.10%"
"03/25/2024","97.64","97.76","97.76","97.57","11.04M","-0.18%"
"03/22/2024","97.82","97.91","97.91","97.74","8.36M","0.32%"
"03/21/2024","97.51","97.62","97.68","97.41","10.10M","0.07%"
"03/20/2024","97.44","97.29","97.63","97.13","8.68M","0.21%"
"03/19/2024","97.24","97.15","97.34","97.11","5.08M","0.25%"
"03/18/2024","97.00","97.07","97.12","96.92","5.23M","-0.10%"
"03/15/2024","97.10","97.15","97.19","97.02","5.76M","-0.01%"
"03/14/2024","97.11","97.48","97.48","97.10","10.54M","-0.63%"
"03/13/2024","97.73","97.82","97.93","97.73","5.85M","-0.18%"
"03/12/2024","97.91","98.02","98.04","97.80","7.47M","-0.25%"
"03/11/2024","98.16","98.28","98.31","98.09","11.35M","-0.11%"
"03/08/2024","98.27","98.34","98.40","98.19","7.17M","0.09%"
"03/07/2024","98.18","98.22","98.24","97.97","7.73M","0.21%"
"03/06/2024","97.97","97.95","98.16","97.91","16.54M","0.15%"
"03/05/2024","97.82","97.69","97.92","97.60","6.82M","0.54%"
"03/04/2024","97.29","97.26","97.38","97.23","7.43M","-0.25%"
"03/01/2024","97.53","96.99","97.55","96.81","8.99M","0.18%"
"02/29/2024","97.35","97.38","97.56","97.29","16.77M","0.16%"
"02/28/2024","97.19","97.07","97.23","97.01","7.94M","0.20%"
"02/27/2024","97.00","97.10","97.21","96.94","9.07M","-0.13%"
"02/26/2024","97.13","97.34","97.35","96.97","9.37M","-0.22%"
"02/23/2024","97.34","96.99","97.39","96.99","7.74M","0.37%"
"02/22/2024","96.98","96.93","97.09","96.84","7.54M","0.08%"
"02/21/2024","96.90","97.28","97.28","96.87","7.79M","-0.30%"
"02/20/2024","97.19","97.23","97.36","97.16","8.74M","0.09%"
"02/16/2024","97.10","96.95","97.10","96.89","7.72M","-0.32%"
"02/15/2024","97.41","97.49","97.55","97.23","7.19M","0.24%"
"02/14/2024","97.18","96.84","97.21","96.84","8.78M","0.44%"
"02/13/2024","96.75","97.04","97.10","96.75","15.87M","-0.92%"
"02/12/2024","97.65","97.70","97.75","97.52","5.70M","0.02%"
"02/09/2024","97.63","97.54","97.63","97.50","7.12M","-0.03%"
"02/08/2024","97.66","97.78","97.84","97.62","12.45M","-0.31%"
"02/07/2024","97.96","97.99","98.28","97.94","8.79M","-0.20%"
"02/06/2024","98.16","97.79","98.20","97.78","6.61M","0.52%"
"02/05/2024","97.65","97.89","97.91","97.56","7.66M","-0.82%"
"02/02/2024","98.46","98.49","98.62","98.26","8.42M","-0.92%"
"02/01/2024","99.37","99.20","99.57","99.02","11.94M","0.27%"
"01/31/2024","99.10","99.00","99.26","98.81","10.83M","0.46%"
"01/30/2024","98.65","98.64","98.69","98.29","6.74M","0.19%"
"01/29/2024","98.46","98.30","98.53","98.19","6.42M","0.40%"
"01/26/2024","98.07","98.20","98.20","97.98","5.02M","-0.11%"
"01/25/2024","98.18","98.01","98.20","97.96","16.52M","0.45%"
"01/24/2024","97.74","98.29","98.33","97.70","11.28M","-0.22%"
"01/23/2024","97.96","97.99","98.00","97.82","5.64M","-0.24%"
"01/22/2024","98.20","98.26","98.36","98.10","8.71M","0.18%"
"01/19/2024","98.02","97.89","98.02","97.67","9.13M","0.02%"
"01/18/2024","98.00","98.16","98.19","97.89","10.58M","-0.09%"
"01/17/2024","98.09","98.16","98.21","97.94","8.98M","-0.27%"
"01/16/2024","98.36","98.72","98.85","98.27","14.49M","-0.75%"
"01/12/2024","99.10","99.14","99.36","98.96","6.36M","0.18%"
"01/11/2024","98.92","98.53","98.96","98.41","7.28M","0.57%"
"01/10/2024","98.36","98.74","98.80","98.36","7.68M","-0.19%"
"01/09/2024","98.55","98.39","98.66","98.39","7.16M","-0.02%"
"01/08/2024","98.57","98.24","98.71","98.21","7.95M","0.38%"
"01/05/2024","98.20","98.13","98.69","98.07","9.04M","-0.23%"
"01/04/2024","98.43","98.42","98.55","98.32","9.90M","-0.40%"
"01/03/2024","98.83","98.45","98.94","98.31","10.00M","0.05%"
"01/02/2024","98.78","98.84","98.97","98.72","9.75M","-0.47%"
"12/29/2023","99.25","99.20","99.43","99.13","7.33M","-0.19%"
"12/28/2023","99.44","99.54","99.65","99.31","7.17M","-0.22%"
"12/27/2023","99.66","99.40","99.70","99.31","6.92M","0.64%"
"12/26/2023","99.03","98.93","99.08","98.89","5.42M","0.20%"
"12/22/2023","98.83","99.13","99.14","98.81","13.23M","-0.13%"
"12/21/2023","98.96","99.22","99.25","98.83","9.10M","-0.01%"
"12/20/2023","98.97","98.87","99.04","98.69","9.99M","0.37%"
"12/19/2023","98.61","98.63","98.78","98.59","13.79M","0.12%"
"12/18/2023","98.49","98.58","98.58","98.42","11.52M","-0.20%"
"12/15/2023","98.69","98.80","98.88","98.59","10.08M","-0.23%"
"12/14/2023","98.92","98.68","99.04","98.61","12.65M","0.52%"
"12/13/2023","98.41","97.39","98.45","97.33","11.19M","1.26%"
"12/12/2023","97.19","96.94","97.19","96.82","11.71M","0.30%"
"12/11/2023","96.90","96.80","96.95","96.60","15.01M","0.01%"
"12/08/2023","96.89","96.99","97.07","96.72","6.70M","-0.50%"
"12/07/2023","97.38","97.22","97.56","97.22","7.16M","0.03%"
"12/06/2023","97.35","97.24","97.49","97.15","11.11M","0.26%"
"12/05/2023","97.10","96.85","97.14","96.79","8.85M","0.66%"
"12/04/2023","96.46","96.58","96.67","96.31","9.44M","-0.38%"
"12/01/2023","96.83","96.00","96.87","95.97","11.77M","0.59%"
"11/30/2023","96.26","96.38","96.41","96.13","8.89M","-0.33%"
"11/29/2023","96.58","96.42","96.67","96.34","8.01M","0.49%"
"11/28/2023","96.11","95.61","96.13","95.57","9.75M","0.44%"
"11/27/2023","95.69","95.36","95.72","95.33","8.85M","0.57%"
"11/24/2023","95.15","95.24","95.32","95.12","2.94M","-0.46%"
"11/22/2023","95.59","95.68","95.75","95.37","6.33M","0.09%"
"11/21/2023","95.50","95.45","95.57","95.28","7.39M","0.10%"
"11/20/2023","95.40","95.07","95.42","95.07","10.05M","0.16%"
"11/17/2023","95.25","95.21","95.36","95.03","9.24M","0.20%"
"11/16/2023","95.06","94.85","95.20","94.85","10.15M","0.55%"
"11/15/2023","94.54","94.70","94.71","94.46","10.96M","-0.62%"
"11/14/2023","95.13","95.03","95.20","94.93","12.15M","1.26%"
"11/13/2023","93.95","93.64","93.97","93.53","9.68M","-0.01%"
"11/10/2023","93.96","94.19","94.21","93.88","6.10M","0.23%"
"11/09/2023","93.74","94.42","94.44","93.73","9.16M","-0.84%"
"11/08/2023","94.53","94.27","94.62","94.25","6.93M","0.34%"
"11/07/2023","94.21","93.94","94.36","93.91","7.31M","0.53%"
"11/06/2023","93.71","93.93","93.99","93.63","8.52M","-0.50%"
"11/03/2023","94.18","94.54","94.68","94.14","11.89M","0.61%"
"11/02/2023","93.61","93.68","93.76","93.37","11.17M","0.60%"
"11/01/2023","93.05","92.23","93.05","92.23","14.40M","0.80%"
"10/31/2023","92.31","92.45","92.63","92.31","12.34M","-0.06%"
"10/30/2023","92.37","92.29","92.50","92.15","8.17M","-0.24%"
"10/27/2023","92.59","92.56","92.64","92.37","7.65M","-0.03%"
"10/26/2023","92.62","92.12","92.64","92.11","11.57M","0.67%"
"10/25/2023","92.00","92.33","92.35","91.92","8.90M","-0.74%"
"10/24/2023","92.69","92.43","92.69","92.28","9.17M","0.36%"
"10/23/2023","92.36","91.70","92.50","91.58","12.89M","0.39%"
"10/20/2023","92.00","91.94","92.14","91.90","6.63M","0.36%"
"10/19/2023","91.67","91.89","92.17","91.61","11.55M","-0.38%"
"10/18/2023","92.02","92.29","92.38","91.94","9.35M","-0.47%"
"10/17/2023","92.45","92.51","92.69","92.35","8.20M","-0.72%"
"10/16/2023","93.12","93.32","93.40","93.10","6.33M","-0.56%"
"10/13/2023","93.64","93.68","93.79","93.52","7.52M","0.43%"
"10/12/2023","93.24","93.87","93.91","93.17","11.19M","-0.86%"
"10/11/2023","94.05","93.94","94.05","93.76","15.35M","0.46%"
"10/10/2023","93.62","93.39","93.81","93.25","14.55M","-0.10%"
"10/09/2023","93.71","93.22","93.72","93.15","4.35M","1.04%"
"10/06/2023","92.75","92.46","92.98","92.37","9.57M","-0.39%"
"10/05/2023","93.11","93.17","93.22","92.99","7.13M","0.06%"
"10/04/2023","93.05","92.77","93.05","92.55","14.10M","0.70%"
"10/03/2023","92.40","92.99","93.09","92.37","12.06M","-0.78%"
"10/02/2023","93.13","93.43","93.51","93.10","8.88M","-0.97%"
"09/29/2023","94.04","94.50","94.57","93.97","13.48M","-0.10%"
"09/28/2023","94.13","93.70","94.16","93.53","13.33M","0.30%"
"09/27/2023","93.85","94.47","94.51","93.66","14.56M","-0.35%"
"09/26/2023","94.18","94.47","94.50","94.15","15.55M","-0.13%"
"09/25/2023","94.30","94.49","94.62","94.29","7.49M","-0.79%"
"09/22/2023","95.05","94.78","95.09","94.73","7.29M","0.42%"
"09/21/2023","94.65","94.80","94.81","94.64","8.03M","-0.68%"
"09/20/2023","95.30","95.57","95.70","95.30","6.28M","-0.05%"
"09/19/2023","95.35","95.54","95.59","95.35","5.33M","-0.29%"
"09/18/2023","95.63","95.37","95.64","95.36","6.07M","0.15%"
"09/15/2023","95.49","95.64","95.69","95.48","5.67M","-0.23%"
"09/14/2023","95.71","95.96","95.97","95.68","5.95M","-0.14%"
"09/13/2023","95.84","95.61","95.95","95.59","5.95M","0.15%"
"09/12/2023","95.70","95.71","95.73","95.57","4.58M","0.03%"
"09/11/2023","95.67","95.66","95.73","95.57","4.08M","-0.11%"
"09/08/2023","95.78","95.93","96.02","95.76","4.77M","0.05%"
"09/07/2023","95.73","95.59","95.74","95.49","5.08M","0.31%"
"09/06/2023","95.43","95.63","95.64","95.31","8.38M","-0.09%"
"09/05/2023","95.52","95.85","95.87","95.52","6.11M","-0.54%"
"09/01/2023","96.04","96.54","96.57","95.98","8.13M","-0.79%"
"08/31/2023","96.80","96.78","96.96","96.71","7.23M","0.14%"
"08/30/2023","96.66","96.78","96.82","96.62","8.75M","-0.04%"
"08/29/2023","96.70","95.91","96.71","95.91","7.39M","0.65%"
"08/28/2023","96.08","96.10","96.11","95.93","6.54M","0.22%"
"08/25/2023","95.87","95.82","96.08","95.60","7.92M","-0.06%"
"08/24/2023","95.93","95.99","96.12","95.85","8.25M","-0.23%"
"08/23/2023","96.15","95.75","96.15","95.73","7.83M","0.96%"
"08/22/2023","95.24","95.17","95.32","95.06","6.16M","0.11%"
"08/21/2023","95.14","95.25","95.30","95.04","13.36M","-0.50%"
"08/18/2023","95.62","95.47","95.75","95.43","6.15M","0.22%"
"08/17/2023","95.41","95.50","95.55","95.21","8.16M","-0.10%"
"08/16/2023","95.51","95.76","95.93","95.45","8.96M","-0.24%"
"08/15/2023","95.74","95.81","96.07","95.74","6.52M","-0.27%"
"08/14/2023","96.00","95.98","96.22","95.83","7.90M","-0.07%"
"08/11/2023","96.07","96.12","96.42","96.07","9.02M","-0.31%"
"08/10/2023","96.37","97.06","97.22","96.37","15.52M","-0.65%"
"08/09/2023","97.00","97.01","97.12","96.91","5.63M","0.07%"
"08/08/2023","96.93","96.94","97.11","96.83","6.87M","0.24%"
"08/07/2023","96.70","96.64","96.70","96.48","9.73M","0.02%"
"08/04/2023","96.68","96.25","96.75","96.25","6.40M","0.82%"
"08/03/2023","95.89","95.93","96.02","95.80","7.53M","-0.67%"
"08/02/2023","96.54","96.48","96.56","96.23","8.55M","-0.24%"
"08/01/2023","96.77","97.01","97.09","96.71","8.81M","-0.93%"
"07/31/2023","97.68","97.53","97.80","97.52","11.08M","0.12%"
"07/28/2023","97.56","97.39","97.59","97.31","9.23M","0.39%"
"07/27/2023","97.18","97.84","97.93","97.11","6.94M","-0.86%"
"07/26/2023","98.02","97.93","98.07","97.68","5.91M","0.33%"
"07/25/2023","97.70","97.58","97.79","97.57","5.79M","-0.11%"
"07/24/2023","97.81","98.10","98.15","97.79","6.66M","-0.18%"
"07/21/2023","97.99","98.11","98.15","97.94","7.61M","0.07%"
"07/20/2023","97.92","98.06","98.07","97.73","12.56M","-0.52%"
"07/19/2023","98.43","98.35","98.48","98.18","7.47M","0.31%"
"07/18/2023","98.13","98.33","98.41","98.13","5.59M","0.08%"
"07/17/2023","98.05","97.95","98.10","97.85","4.69M","0.11%"
"07/14/2023","97.94","98.23","98.31","97.92","7.21M","-0.48%"
"07/13/2023","98.41","98.18","98.44","98.11","7.46M","0.62%"
"07/12/2023","97.80","97.51","97.85","97.45","7.19M","0.81%"
"07/11/2023","97.01","96.94","97.10","96.86","5.98M","0.22%"
"07/10/2023","96.80","96.57","96.94","96.55","8.83M","0.28%"
"07/07/2023","96.53","96.42","96.75","96.42","8.31M","0.02%"
"07/06/2023","96.51","96.56","96.64","96.28","9.53M","-0.65%"
"07/05/2023","97.14","97.51","97.53","97.05","6.05M","-0.45%"
"07/03/2023","97.58","97.82","98.04","97.54","3.69M","-0.38%"
"06/30/2023","97.95","97.86","98.10","97.74","13.42M","0.24%"
"06/29/2023","97.72","97.80","97.87","97.61","8.88M","-0.77%"
"06/28/2023","98.48","98.34","98.54","98.20","8.62M","0.30%"
"06/27/2023","98.19","98.45","98.58","98.10","7.80M","-0.19%"
"06/26/2023","98.38","98.50","98.51","98.31","10.63M","0.12%"
"06/23/2023","98.26","98.49","98.50","98.10","4.79M","0.30%"
"06/22/2023","97.97","98.17","98.32","97.92","7.15M","-0.52%"
"06/21/2023","98.48","98.09","98.53","97.97","5.58M","0.16%"
"06/20/2023","98.32","98.28","98.50","98.17","6.69M","0.18%"
"06/16/2023","98.14","98.09","98.28","97.90","5.65M","-0.31%"
"06/15/2023","98.45","98.29","98.46","98.13","7.47M","0.70%"
"06/14/2023","97.77","97.88","97.99","97.45","8.36M","0.09%"
"06/13/2023","97.68","98.48","98.48","97.60","9.57M","-0.47%"
"06/12/2023","98.14","98.09","98.16","97.73","5.44M","0.17%"
"06/09/2023","97.97","97.91","98.05","97.79","7.14M","-0.23%"
"06/08/2023","98.20","97.80","98.21","97.77","5.04M","0.53%"
"06/07/2023","97.68","98.15","98.22","97.59","5.13M","-0.53%"
"06/06/2023","98.20","98.12","98.21","97.89","3.82M","0.12%"
"06/05/2023","98.08","97.85","98.32","97.76","7.56M","-0.01%"
"06/02/2023","98.09","98.54","98.58","98.08","6.88M","-0.53%"
"06/01/2023","98.61","98.60","98.80","98.48","9.03M","0.04%"
"05/31/2023","98.57","98.22","98.72","98.21","10.56M","0.36%"
"05/30/2023","98.22","97.90","98.24","97.85","7.35M","0.67%"
"05/26/2023","97.57","97.36","97.59","97.24","3.89M","0.08%"
"05/25/2023","97.49","97.74","97.80","97.44","5.94M","-0.37%"
"05/24/2023","97.85","98.17","98.19","97.82","7.72M","-0.25%"
"05/23/2023","98.10","97.92","98.21","97.81","7.64M","0.11%"
"05/22/2023","97.99","98.14","98.33","97.97","8.55M","-0.09%"
"05/19/2023","98.08","98.13","98.44","98.00","10.29M","-0.22%"
"05/18/2023","98.30","98.49","98.51","98.27","4.81M","-0.47%"
"05/17/2023","98.76","98.99","99.03","98.68","6.32M","-0.15%"
"05/16/2023","98.91","98.89","98.95","98.74","6.73M","-0.23%"
"05/15/2023","99.14","99.21","99.22","99.10","8.53M","-0.25%"
"05/12/2023","99.39","99.89","99.95","99.39","4.29M","-0.56%"
"05/11/2023","99.95","100.11","100.19","99.88","7.70M","0.30%"
"05/10/2023","99.65","99.43","99.68","99.39","4.80M","0.65%"
"05/09/2023","99.01","99.11","99.19","99.01","5.71M","-0.09%"
"05/08/2023","99.10","99.21","99.35","99.08","5.48M","-0.55%"
"05/05/2023","99.65","99.64","99.72","99.45","4.00M","-0.32%"
"05/04/2023","99.97","99.77","100.42","99.75","5.26M","-0.12%"
"05/03/2023","100.09","99.89","100.13","99.69","5.64M","0.44%"
"05/02/2023","99.65","98.96","99.67","98.93","6.09M","0.97%"
"05/01/2023","98.69","99.35","99.41","98.60","10.63M","-1.27%"
"04/28/2023","99.96","99.99","99.99","99.72","5.47M","0.51%"
"04/27/2023","99.45","99.61","99.63","99.39","4.02M","-0.36%"
"04/26/2023","99.81","100.16","100.22","99.72","3.72M","-0.37%"
"04/25/2023","100.18","99.97","100.25","99.96","5.07M","0.62%"
"04/24/2023","99.56","99.42","99.59","99.36","3.26M","0.39%"
"04/21/2023","99.17","99.51","99.56","99.11","5.37M","-0.17%"
"04/20/2023","99.34","99.21","99.36","99.19","5.09M","0.46%"
"04/19/2023","98.89","98.89","98.93","98.71","3.59M","-0.15%"
"04/18/2023","99.04","98.91","99.16","98.91","4.75M","0.14%"
"04/17/2023","98.90","99.13","99.18","98.88","4.44M","-0.50%"
"04/14/2023","99.40","99.56","99.59","99.32","4.79M","-0.49%"
"04/13/2023","99.89","100.16","100.27","99.81","3.96M","-0.04%"
"04/12/2023","99.93","100.17","100.20","99.61","7.23M","0.12%"
"04/11/2023","99.81","99.81","99.88","99.59","4.54M","0.06%"
"04/10/2023","99.75","99.89","99.91","99.60","4.48M","-0.69%"
"04/06/2023","100.44","100.56","100.68","100.44","6.11M","-0.09%"
"04/05/2023","100.53","100.50","100.98","100.41","9.88M","0.34%"
"04/04/2023","100.19","99.55","100.30","99.50","8.93M","0.37%"
"04/03/2023","99.82","99.28","99.86","99.21","7.57M","0.18%"
"03/31/2023","99.64","99.39","99.69","99.16","8.52M","0.48%"
"03/30/2023","99.16","99.03","99.23","98.95","4.25M","0.11%"
"03/29/2023","99.05","98.74","99.11","98.72","5.11M","0.12%"
"03/28/2023","98.93","98.98","99.05","98.82","6.36M","-0.15%"
"03/27/2023","99.08","99.39","99.52","99.07","6.82M","-1.08%"
"03/24/2023","100.16","100.28","100.49","99.95","6.22M","0.17%"
"03/23/2023","99.99","99.68","100.05","99.51","9.95M","0.24%"
"03/22/2023","99.75","98.80","99.82","98.64","7.59M","0.96%"
"03/21/2023","98.80","98.88","99.03","98.70","5.50M","-0.30%"
"03/20/2023","99.10","99.73","99.73","99.01","6.35M","-0.40%"
"03/17/2023","99.50","99.29","99.80","99.21","8.28M","0.63%"
"03/16/2023","98.88","99.53","99.72","98.68","15.22M","-0.39%"
"03/15/2023","99.27","99.43","99.70","98.81","11.13M","1.00%"
"03/14/2023","98.29","98.77","98.82","98.08","8.16M","-0.59%"
"03/13/2023","98.87","99.05","99.65","98.62","10.34M","0.80%"
"03/10/2023","98.09","97.79","98.32","97.75","7.52M","1.17%"
"03/09/2023","96.96","96.76","97.15","96.69","7.05M","0.36%"
"03/08/2023","96.61","96.90","97.08","96.48","8.04M","-0.10%"
"03/07/2023","96.71","96.98","97.03","96.57","6.01M","-0.13%"
"03/06/2023","96.84","97.27","97.29","96.81","4.19M","-0.25%"
"03/03/2023","97.08","96.85","97.08","96.59","7.27M","0.79%"
"03/02/2023","96.32","96.15","96.35","96.11","9.25M","-0.21%"
"03/01/2023","96.52","96.83","97.04","96.50","9.13M","-0.81%"
"02/28/2023","97.31","96.99","97.37","96.93","8.58M","-0.01%"
"02/27/2023","97.32","97.41","97.49","97.21","5.04M","0.20%"
"02/24/2023","97.13","97.22","97.26","96.97","4.87M","-0.57%"
"02/23/2023","97.69","97.40","97.72","97.37","8.53M","0.36%"
"02/22/2023","97.34","97.40","97.59","97.30","5.86M","0.27%"
"02/21/2023","97.08","97.36","97.46","97.08","8.37M","-0.94%"
"02/17/2023","98.00","97.53","98.01","97.53","5.96M","0.24%"
"02/16/2023","97.77","97.88","98.03","97.69","5.24M","-0.42%"
"02/15/2023","98.18","98.24","98.36","98.03","6.49M","-0.19%"
"02/14/2023","98.37","98.67","98.76","98.11","9.56M","-0.35%"
"02/13/2023","98.72","98.49","98.72","98.46","6.83M","0.30%"
"02/10/2023","98.42","98.82","98.83","98.40","5.07M","-0.44%"
"02/09/2023","98.85","99.54","99.56","98.83","5.59M","-0.39%"
"02/08/2023","99.24","99.14","99.43","98.95","4.90M","0.14%"
"02/07/2023","99.10","99.15","99.57","99.06","6.22M","-0.17%"
"02/06/2023","99.27","99.31","99.42","99.23","9.20M","-0.55%"
"02/03/2023","99.82","99.95","100.13","99.52","9.08M","-0.96%"
"02/02/2023","100.79","101.04","101.15","100.74","9.20M","0.11%"
"02/01/2023","100.68","100.19","100.78","99.86","11.59M","0.46%"
"01/31/2023","100.22","100.16","100.34","99.82","12.08M","0.41%"
"01/30/2023","99.81","99.90","100.09","99.80","6.82M","-0.27%"
"01/27/2023","100.08","99.96","100.14","99.91","5.12M","-0.15%"
"01/26/2023","100.23","100.33","100.46","100.07","5.40M","-0.17%"
"01/25/2023","100.40","100.26","100.47","100.10","5.43M","0.12%"
"01/24/2023","100.28","99.84","100.32","99.68","6.54M","0.44%"
"01/23/2023","99.84","99.80","100.06","99.78","6.57M","-0.25%"
"01/20/2023","100.09","100.17","100.26","99.89","6.10M","-0.41%"
"01/19/2023","100.50","100.73","100.73","100.33","8.63M","-0.23%"
"01/18/2023","100.73","100.76","100.88","100.37","7.78M","0.99%"
"01/17/2023","99.74","99.74","99.96","99.65","8.17M","-0.18%"
"01/13/2023","99.92","100.02","100.26","99.83","6.72M","-0.37%"
"01/12/2023","100.29","99.84","100.53","99.49","8.34M","0.72%"
"01/11/2023","99.57","99.28","99.57","99.26","6.10M","0.62%"
"01/10/2023","98.96","99.02","99.15","98.74","7.29M","-0.38%"
"01/09/2023","99.34","99.06","99.50","99.00","7.85M","0.25%"
"01/06/2023","99.09","98.13","99.15","98.04","8.50M","1.09%"
"01/05/2023","98.02","97.64","98.06","97.57","9.68M","-0.08%"
"01/04/2023","98.10","98.17","98.25","97.89","10.08M","0.55%"
"01/03/2023","97.56","97.97","97.97","97.36","19.93M","0.59%"
"12/30/2022","96.99","97.25","97.36","96.97","8.47M","-0.47%"
"12/29/2022","97.45","97.21","97.47","97.18","7.76M","0.37%"
"12/28/2022","97.09","97.47","97.50","97.08","12.13M","-0.17%"
"12/27/2022","97.26","97.46","97.61","97.21","7.93M","-0.72%"
"12/23/2022","97.97","98.05","98.11","97.89","4.82M","-0.35%"
"12/22/2022","98.31","98.32","98.47","98.21","8.27M","-0.03%"
"12/21/2022","98.34","98.49","98.54","98.19","8.49M","0.28%"
"12/20/2022","98.07","98.10","98.26","97.98","10.28M","-0.68%"
"12/19/2022","98.74","98.90","98.93","98.61","10.35M","-0.61%"
"12/16/2022","99.35","98.96","99.52","98.94","7.55M","-0.26%"
"12/15/2022","99.61","99.57","99.70","99.36","9.42M","-0.08%"
"12/14/2022","99.69","99.52","99.79","99.17","10.62M","0.22%"
"12/13/2022","99.47","100.18","100.18","99.40","9.12M","0.67%"
"12/12/2022","98.81","99.19","99.24","98.63","10.38M","0.02%"
"12/09/2022","98.79","99.12","99.21","98.77","8.99M","-0.59%"
"12/08/2022","99.38","99.39","99.60","99.24","6.31M","-0.30%"
"12/07/2022","99.68","99.29","99.72","99.17","6.75M","0.89%"
"12/06/2022","98.80","98.71","98.92","98.59","7.66M","0.29%"
"12/05/2022","98.51","98.82","99.29","98.30","8.07M","-0.79%"
"12/02/2022","99.29","98.49","99.29","98.30","6.37M","0.41%"
"12/01/2022","98.88","98.30","98.89","98.17","12.47M","0.60%"
"11/30/2022","98.29","97.48","98.32","97.29","8.96M","0.78%"
"11/29/2022","97.53","97.54","97.79","97.49","6.64M","-0.36%"
"11/28/2022","97.88","98.14","98.19","97.83","7.92M","-0.16%"
"11/25/2022","98.04","97.81","98.04","97.81","2.72M","0.02%"
"11/23/2022","98.02","97.58","98.02","97.58","5.89M","0.60%"
"11/22/2022","97.44","97.18","97.50","97.18","8.04M","0.52%"
"11/21/2022","96.94","97.27","97.34","96.91","6.83M","-0.06%"
"11/18/2022","97.00","97.22","97.32","96.91","4.71M","-0.14%"
"11/17/2022","97.14","97.03","97.17","96.85","6.89M","-0.42%"
"11/16/2022","97.55","97.25","97.63","97.14","11.08M","0.62%"
"11/15/2022","96.95","96.80","96.95","96.61","7.96M","0.74%"
"11/14/2022","96.24","96.43","96.45","96.18","7.46M","-0.28%"
"11/11/2022","96.51","96.23","96.61","96.23","4.95M","-0.07%"
"11/10/2022","96.58","95.98","96.58","95.79","8.49M","2.15%"
"11/09/2022","94.55","94.39","94.70","94.25","6.69M","0.12%"
"11/08/2022","94.44","94.24","94.61","94.22","5.83M","0.43%"
"11/07/2022","94.04","94.41","94.46","94.03","7.60M","-0.32%"
"11/04/2022","94.34","94.43","94.64","94.17","6.92M","-0.01%"
"11/03/2022","94.35","93.97","94.50","93.93","9.31M","-0.37%"
"11/02/2022","94.70","94.98","95.51","94.53","8.58M","-0.17%"
"11/01/2022","94.86","95.25","95.35","94.65","8.10M","-0.04%"
"10/31/2022","94.90","95.01","95.06","94.60","10.95M","-0.34%"
"10/28/2022","95.22","95.01","95.46","94.98","6.23M","-0.25%"
"10/27/2022","95.46","95.21","95.62","94.99","6.91M","0.51%"
"10/26/2022","94.98","94.78","95.17","94.76","7.88M","0.44%"
"10/25/2022","94.56","94.39","94.71","94.36","11.71M","0.98%"
"10/24/2022","93.64","93.77","94.03","93.45","6.09M","-0.14%"
"10/21/2022","93.77","93.27","93.86","93.20","8.37M","0.15%"
"10/20/2022","93.63","94.06","94.26","93.56","9.01M","-0.61%"
"10/19/2022","94.20","94.41","94.56","94.15","6.32M","-0.86%"
"10/18/2022","95.02","95.11","95.18","94.64","6.39M","0.17%"
"10/17/2022","94.86","95.25","95.40","94.83","5.46M","0.21%"
"10/14/2022","94.66","95.63","95.63","94.61","8.58M","-0.55%"
"10/13/2022","95.18","94.23","95.44","94.18","6.25M","-0.31%"
"10/12/2022","95.48","95.25","95.61","95.23","5.65M","0.08%"
"10/11/2022","95.40","95.63","95.83","95.27","8.89M","0.06%"
"10/10/2022","95.34","95.73","95.75","95.15","4.07M","-0.45%"
"10/07/2022","95.77","95.81","96.01","95.68","6.15M","-0.53%"
"10/06/2022","96.28","96.59","96.71","96.21","5.63M","-0.39%"
"10/05/2022","96.66","96.69","96.99","96.27","9.51M","-0.52%"
"10/04/2022","97.17","97.21","97.55","97.08","6.96M","0.27%"
"10/03/2022","96.91","96.89","97.48","96.64","9.62M","0.59%"
"09/30/2022","96.34","96.86","97.09","96.19","14.38M","-0.24%"
"09/29/2022","96.57","96.48","96.80","96.29","8.67M","-0.53%"
"09/28/2022","97.08","96.47","97.13","96.27","10.54M","1.61%"
"09/27/2022","95.54","95.97","96.07","95.38","11.44M","-0.43%"
"09/26/2022","95.95","96.87","96.91","95.86","9.01M","-1.29%"
"09/23/2022","97.20","97.40","97.45","96.89","11.06M","-0.31%"
"09/22/2022","97.50","97.90","97.92","97.40","7.09M","-1.07%"
"09/21/2022","98.55","98.40","98.60","97.86","7.09M","0.32%"
"09/20/2022","98.24","98.21","98.40","98.08","11.27M","-0.45%"
"09/19/2022","98.68","98.53","98.84","98.48","5.98M","-0.15%"
"09/16/2022","98.83","98.66","99.01","98.61","6.97M","-0.07%"
"09/15/2022","98.90","99.04","99.11","98.84","6.02M","-0.30%"
"09/14/2022","99.20","99.00","99.35","98.97","7.56M","0.13%"
"09/13/2022","99.07","98.91","99.19","98.89","4.96M","-0.56%"
"09/12/2022","99.63","100.00","100.09","99.51","8.54M","-0.15%"
"09/09/2022","99.78","99.99","100.13","99.73","7.50M","-0.01%"
"09/08/2022","99.79","100.00","100.18","99.79","5.55M","-0.32%"
"09/07/2022","100.11","99.73","100.13","99.72","3.61M","0.69%"
"09/06/2022","99.42","99.96","99.97","99.41","5.34M","-0.94%"
"09/02/2022","100.36","100.37","100.67","100.13","5.97M","0.29%"
"09/01/2022","100.07","100.07","100.14","99.66","8.96M","-0.64%"
"08/31/2022","100.71","101.04","101.23","100.64","6.12M","-0.53%"
"08/30/2022","101.25","101.26","101.44","100.93","6.57M","0.13%"
"08/29/2022","101.12","101.27","101.28","101.06","7.51M","-0.48%"
"08/26/2022","101.61","101.67","101.85","101.42","5.58M","-0.19%"
"08/25/2022","101.80","101.33","101.87","101.24","8.22M","0.55%"
"08/24/2022","101.24","101.35","101.39","101.15","6.32M","-0.27%"
"08/23/2022","101.51","101.54","101.97","101.40","7.37M","-0.04%"
"08/22/2022","101.55","101.82","101.89","101.51","7.13M","-0.43%"
"08/19/2022","101.99","102.13","102.13","101.85","4.58M","-0.70%"
"08/18/2022","102.71","102.70","102.93","102.64","4.26M","0.21%"
"08/17/2022","102.49","102.64","102.74","102.34","7.22M","-0.59%"
"08/16/2022","103.10","103.13","103.13","102.79","4.98M","-0.15%"
"08/15/2022","103.25","103.37","103.45","103.24","3.78M","0.13%"
"08/12/2022","103.12","102.97","103.12","102.72","3.64M","0.45%"
"08/11/2022","102.66","103.38","103.63","102.61","8.52M","-0.53%"
"08/10/2022","103.21","103.43","103.68","103.11","7.16M","0.25%"
"08/09/2022","102.95","102.92","103.05","102.84","3.85M","-0.22%"
"08/08/2022","103.18","103.10","103.29","103.04","3.42M","0.46%"
"08/05/2022","102.71","102.81","102.83","102.52","4.85M","-1.12%"
"08/04/2022","103.87","103.67","103.89","103.57","5.20M","0.24%"
"08/03/2022","103.62","103.03","103.64","102.72","6.26M","0.45%"
"08/02/2022","103.16","104.27","104.34","103.14","6.87M","-1.03%"
"08/01/2022","104.23","103.99","104.31","103.91","7.73M","0.15%"
"07/29/2022","104.07","103.94","104.39","103.83","7.67M","0.01%"
"07/28/2022","104.06","104.09","104.20","103.83","6.47M","0.72%"
"07/27/2022","103.32","103.19","103.64","103.18","5.43M","0.35%"
"07/26/2022","102.96","103.44","103.51","102.96","6.31M","-0.02%"
"07/25/2022","102.98","102.90","103.09","102.87","3.73M","-0.37%"
"07/22/2022","103.36","103.26","103.60","103.11","7.32M","0.78%"
"07/21/2022","102.56","101.96","102.58","101.96","5.92M","0.84%"
"07/20/2022","101.71","102.16","102.17","101.67","6.12M","-0.07%"
"07/19/2022","101.78","101.95","101.99","101.66","5.94M","-0.14%"
"07/18/2022","101.92","102.00","102.03","101.72","6.01M","-0.32%"
"07/15/2022","102.25","101.94","102.35","101.90","8.64M","0.39%"
"07/14/2022","101.85","101.51","101.98","101.33","6.23M","-0.35%"
"07/13/2022","102.21","101.23","102.24","101.19","6.53M","0.36%"
"07/12/2022","101.84","102.02","102.19","101.82","6.69M","0.14%"
"07/11/2022","101.70","101.67","101.92","101.60","5.76M","0.46%"
"07/08/2022","101.23","101.35","101.45","101.16","5.27M","-0.37%"
"07/07/2022","101.61","101.94","101.98","101.52","8.23M","-0.23%"
"07/06/2022","101.84","102.78","102.80","101.84","6.65M","-0.67%"
"07/05/2022","102.53","102.54","102.70","102.35","6.81M","0.19%"
"07/01/2022","102.34","102.21","102.79","102.09","7.39M","0.65%"
"06/30/2022","101.68","101.60","101.95","101.58","7.52M","0.45%"
"06/29/2022","101.22","100.80","101.23","100.68","7.33M","0.58%"
"06/28/2022","100.64","100.53","100.66","100.39","6.54M","0.04%"
"06/27/2022","100.60","100.67","100.94","100.47","8.32M","-0.45%"
"06/24/2022","101.05","101.11","101.47","101.00","7.39M","-0.16%"
"06/23/2022","101.21","101.25","101.76","101.12","7.77M","0.42%"
"06/22/2022","100.79","100.67","100.93","100.67","9.44M","0.85%"
"06/21/2022","99.94","100.02","100.26","99.79","9.02M","-0.40%"
"06/17/2022","100.34","100.42","100.57","99.98","9.89M","-0.01%"
"06/16/2022","100.35","99.24","100.36","99.14","9.33M","0.24%"
"06/15/2022","100.11","99.69","100.16","99.18","10.98M","1.11%"
"06/14/2022","99.01","99.84","99.94","98.86","10.94M","-0.59%"
"06/13/2022","99.60","100.10","100.35","99.13","9.48M","-1.64%"
"06/10/2022","101.26","101.67","101.72","101.03","7.83M","-0.77%"
"06/09/2022","102.05","102.07","102.22","101.97","5.42M","-0.11%"
"06/08/2022","102.16","102.42","102.56","102.16","4.15M","-0.41%"
"06/07/2022","102.58","102.42","102.76","102.40","5.62M","0.38%"
"06/06/2022","102.19","102.67","102.77","102.16","5.14M","-0.61%"
"06/03/2022","102.82","102.67","102.91","102.64","6.56M","-0.17%"
"06/02/2022","102.99","103.06","103.09","102.73","7.46M","0.13%"
"06/01/2022","102.86","103.39","103.53","102.75","8.06M","-0.59%"
"05/31/2022","103.47","103.53","103.64","103.28","10.49M","-0.63%"
"05/27/2022","104.13","104.09","104.31","104.02","5.50M","0.16%"
"05/26/2022","103.96","104.07","104.19","103.80","5.72M","-0.08%"
"05/25/2022","104.04","103.93","104.07","103.77","7.72M","0.42%"
"05/24/2022","103.61","103.14","103.74","103.13","10.33M","0.77%"
"05/23/2022","102.82","103.01","103.20","102.73","8.01M","-0.33%"
"05/20/2022","103.16","102.95","103.21","102.88","6.73M","0.30%"
"05/19/2022","102.85","103.20","103.22","102.75","10.50M","0.25%"
"05/18/2022","102.59","102.11","102.64","102.08","6.09M","0.40%"
"05/17/2022","102.18","102.27","102.43","102.14","6.56M","-0.55%"
"05/16/2022","102.74","102.71","102.97","102.69","7.24M","0.22%"
"05/13/2022","102.51","102.75","102.78","102.48","6.72M","-0.43%"
"05/12/2022","102.95","102.94","103.14","102.86","9.02M","0.18%"
"05/11/2022","102.76","102.07","102.78","101.96","16.46M","0.37%"
"05/10/2022","102.38","102.52","102.72","102.32","18.46M","0.30%"
"05/09/2022","102.07","101.54","102.10","101.47","8.64M","0.49%"
"05/06/2022","101.57","101.66","101.95","101.49","8.31M","-0.42%"
"05/05/2022","102.00","102.48","102.52","101.58","17.47M","-0.99%"
"05/04/2022","103.02","102.32","103.05","102.12","14.66M","0.64%"
"05/03/2022","102.36","102.71","102.79","102.29","12.17M","0.23%"
"05/02/2022","102.13","102.32","102.36","102.00","12.73M","-0.72%"
"04/29/2022","102.87","102.92","103.27","102.82","9.92M","-0.60%"
"04/28/2022","103.49","103.33","103.51","103.17","10.37M","-0.04%"
"04/27/2022","103.53","103.91","104.01","103.53","11.19M","-0.40%"
"04/26/2022","103.95","104.13","104.13","103.80","8.54M","0.31%"
"04/25/2022","103.63","103.47","103.93","103.47","8.78M","0.67%"
"04/22/2022","102.94","102.73","103.18","102.67","9.16M","-0.10%"
"04/21/2022","103.04","103.44","103.47","102.79","11.40M","-0.55%"
"04/20/2022","103.61","103.36","103.74","103.30","8.46M","0.57%"
"04/19/2022","103.02","103.26","103.43","102.97","7.85M","-0.61%"
"04/18/2022","103.65","103.97","104.02","103.61","8.63M","-0.31%"
"04/14/2022","103.97","104.73","104.74","103.93","8.51M","-0.81%"
"04/13/2022","104.82","104.77","105.09","104.74","6.80M","0.20%"
"04/12/2022","104.61","104.80","104.92","104.58","8.50M","0.32%"
"04/11/2022","104.28","104.44","104.50","104.17","8.38M","-0.43%"
"04/08/2022","104.73","104.82","105.01","104.61","6.50M","-0.50%"
"04/07/2022","105.26","105.38","105.51","105.13","7.92M","-0.22%"
"04/06/2022","105.49","105.21","105.81","105.11","13.12M","-0.26%"
"04/05/2022","105.76","106.58","106.62","105.74","11.03M","-1.01%"
"04/04/2022","106.84","106.84","106.87","106.56","9.96M","0.08%"
"04/01/2022","106.75","106.35","106.95","106.25","11.58M","-0.33%"
"03/31/2022","107.10","107.17","107.38","107.06","13.80M","-0.05%"
"03/30/2022","107.15","106.60","107.15","106.59","11.54M","0.27%"
"03/29/2022","106.86","106.61","106.89","106.45","11.40M","0.47%"
"03/28/2022","106.36","106.25","106.53","106.16","8.54M","0.25%"
"03/25/2022","106.10","106.57","106.65","105.97","10.54M","-0.79%"
"03/24/2022","106.95","106.72","107.03","106.65","7.48M","-0.22%"
"03/23/2022","107.19","106.96","107.21","106.71","9.06M","0.41%"
"03/22/2022","106.75","106.74","106.88","106.61","16.12M","-0.27%"
"03/21/2022","107.04","107.58","107.65","106.98","8.02M","-0.98%"
"03/18/2022","108.10","107.93","108.14","107.92","7.86M","0.22%"
"03/17/2022","107.86","107.85","108.06","107.73","8.04M","0.17%"
"03/16/2022","107.68","107.63","107.73","107.00","16.81M","0.07%"
"03/15/2022","107.60","107.84","107.92","107.43","14.00M","0.22%"
"03/14/2022","107.36","107.79","107.82","107.36","10.96M","-0.97%"
"03/11/2022","108.41","108.44","108.55","108.34","12.00M","-0.02%"
"03/10/2022","108.43","108.66","108.68","108.25","16.23M","-0.56%"
"03/09/2022","109.04","109.10","109.21","108.93","11.19M","-0.21%"
"03/08/2022","109.27","109.25","109.33","109.12","9.93M","-0.36%"
"03/07/2022","109.66","109.87","110.14","109.64","12.74M","-0.58%"
"03/04/2022","110.30","110.40","110.55","110.22","8.56M","0.40%"
"03/03/2022","109.86","109.79","110.00","109.65","15.80M","0.34%"
"03/02/2022","109.49","110.30","110.38","109.46","9.03M","-1.20%"
"03/01/2022","110.82","110.60","111.17","110.57","14.36M","0.42%"
"02/28/2022","110.36","110.03","110.43","110.02","16.59M","0.72%"
"02/25/2022","109.57","109.45","109.58","109.33","10.09M","0.10%"
"02/24/2022","109.46","109.67","109.77","109.17","12.37M","0.18%"
"02/23/2022","109.26","109.52","109.55","109.23","11.73M","-0.45%"
"02/22/2022","109.75","109.68","109.78","109.56","7.60M","-0.11%"
"02/18/2022","109.87","109.83","109.88","109.71","7.11M","0.21%"
"02/17/2022","109.64","109.58","109.81","109.51","10.22M","0.21%"
"02/16/2022","109.41","109.44","109.48","109.10","8.12M","0.12%"
"02/15/2022","109.28","109.36","109.51","109.24","5.82M","-0.16%"
"02/14/2022","109.46","109.66","109.76","109.40","8.84M","-0.58%"
"02/11/2022","110.10","109.74","110.16","109.34","13.87M","0.66%"
"02/10/2022","109.38","109.97","110.06","109.38","10.76M","-0.92%"
"02/09/2022","110.40","110.51","110.68","110.39","9.19M","0.06%"
"02/08/2022","110.33","110.44","110.48","110.32","7.99M","-0.31%"
"02/07/2022","110.67","110.57","110.71","110.47","6.72M","0.09%"
"02/04/2022","110.57","110.75","110.75","110.47","6.97M","-0.63%"
"02/03/2022","111.27","111.26","111.37","111.13","10.29M","-0.40%"
"02/02/2022","111.72","111.70","111.97","111.67","7.97M","0.11%"
"02/01/2022","111.60","111.66","111.68","111.38","10.36M","-0.18%"
"01/31/2022","111.80","111.64","111.89","111.60","12.84M","-0.01%"
"01/28/2022","111.81","111.46","111.86","111.44","10.86M","0.07%"
"01/27/2022","111.73","111.62","111.88","111.62","6.15M","0.33%"
"01/26/2022","111.36","112.06","112.13","111.36","10.73M","-0.56%"
"01/25/2022","111.99","112.18","112.30","111.96","9.54M","-0.10%"
"01/24/2022","112.10","112.38","112.42","112.10","12.13M","-0.12%"
"01/21/2022","112.23","112.19","112.35","112.11","8.68M","0.39%"
"01/20/2022","111.79","111.84","111.90","111.75","7.19M","0.05%"
"01/19/2022","111.73","111.70","111.89","111.65","8.32M","0.22%"
"01/18/2022","111.49","111.81","111.86","111.47","7.94M","-0.61%"
"01/14/2022","112.17","112.53","112.55","112.15","9.11M","-0.56%"
"01/13/2022","112.80","112.60","112.80","112.51","8.45M","0.18%"
"01/12/2022","112.60","112.72","112.78","112.58","6.71M","0.00%"
"01/11/2022","112.60","112.33","112.63","112.27","6.73M","0.19%"
"01/10/2022","112.39","112.23","112.42","112.14","8.07M","-0.09%"
"01/07/2022","112.49","112.69","112.70","112.34","9.02M","-0.29%"
"01/06/2022","112.82","112.75","112.84","112.66","8.87M","-0.11%"
"01/05/2022","112.94","113.34","113.36","112.90","8.53M","-0.31%"
"01/04/2022","113.29","113.22","113.30","113.08","7.77M","-0.01%"
"01/03/2022","113.30","113.67","113.68","113.30","9.40M","-0.68%"
"12/31/2021","114.08","114.15","114.31","114.06","7.99M","-0.04%"
"12/30/2021","114.12","113.99","114.13","113.83","5.46M","0.22%"
"12/29/2021","113.87","113.99","114.05","113.81","5.93M","-0.30%"
"12/28/2021","114.21","114.43","114.45","114.17","5.25M","-0.04%"
"12/27/2021","114.26","114.15","114.30","114.13","5.44M","0.05%"
"12/23/2021","114.20","114.29","114.31","114.07","5.51M","-0.12%"
"12/22/2021","114.34","114.33","114.35","114.17","6.17M","0.09%"
"12/21/2021","114.24","114.07","114.32","113.97","12.97M","-0.08%"
"12/20/2021","114.33","114.57","114.61","114.32","7.38M","-0.15%"
"12/17/2021","114.50","114.55","114.68","114.47","7.43M","0.12%"
"12/16/2021","114.36","114.26","114.48","114.26","7.57M","0.03%"
"12/15/2021","114.32","114.23","114.44","114.11","7.46M","-0.08%"
"12/14/2021","114.41","114.46","114.54","114.26","7.50M","-0.19%"
"12/13/2021","114.63","114.51","114.70","114.46","8.66M","0.35%"
"12/10/2021","114.23","114.37","114.51","114.22","6.50M","0.03%"
"12/09/2021","114.20","114.28","114.39","114.12","8.65M","0.01%"
"12/08/2021","114.19","114.37","114.37","114.05","8.05M","-0.26%"
"12/07/2021","114.49","114.52","114.71","114.45","6.79M","-0.16%"
"12/06/2021","114.67","114.98","115.04","114.62","9.42M","-0.35%"
"12/03/2021","115.07","114.50","115.24","114.46","7.60M","0.40%"
"12/02/2021","114.61","114.67","114.79","114.40","7.76M","-0.02%"
"12/01/2021","114.63","114.27","114.64","114.21","12.77M","-0.12%"
"11/30/2021","114.77","114.87","115.11","114.50","13.11M","0.17%"
"11/29/2021","114.58","114.15","114.60","114.13","8.98M","0.05%"
"11/26/2021","114.52","114.33","114.58","114.20","3.26M","0.71%"
"11/24/2021","113.71","113.47","113.72","113.39","8.47M","0.23%"
"11/23/2021","113.45","113.71","113.77","113.45","6.28M","-0.40%"
"11/22/2021","113.90","114.14","114.23","113.82","7.00M","-0.48%"
"11/19/2021","114.45","114.49","114.59","114.42","5.69M","0.19%"
"11/18/2021","114.23","114.05","114.28","114.03","4.23M","0.09%"
"11/17/2021","114.13","113.79","114.13","113.77","7.17M","0.24%"
"11/16/2021","113.86","113.92","114.11","113.84","7.48M","-0.04%"
"11/15/2021","113.90","114.30","114.31","113.90","6.41M","-0.37%"
"11/12/2021","114.32","114.50","114.58","114.26","4.55M","-0.02%"
"11/11/2021","114.34","114.51","114.57","114.30","3.94M","-0.18%"
"11/10/2021","114.55","115.11","115.14","114.39","11.62M","-0.68%"
"11/09/2021","115.33","115.38","115.50","115.29","8.96M","0.28%"
"11/08/2021","115.01","115.14","115.15","114.95","4.92M","-0.18%"
"11/05/2021","115.22","114.99","115.32","114.90","7.28M","0.39%"
"11/04/2021","114.77","114.51","114.84","114.48","6.62M","0.33%"
"11/03/2021","114.39","114.65","114.69","114.25","6.42M","-0.20%"
"11/02/2021","114.62","114.43","114.69","114.43","5.32M","0.20%"
"11/01/2021","114.39","114.16","114.42","114.14","6.20M","-0.22%"
"10/29/2021","114.64","114.35","114.78","114.35","10.05M","-0.03%"
"10/28/2021","114.67","114.71","114.83","114.57","5.92M","-0.08%"
"10/27/2021","114.76","114.66","114.92","114.42","8.05M","0.33%"
"10/26/2021","114.38","114.25","114.38","114.11","5.43M","0.18%"
"10/25/2021","114.17","114.06","114.27","114.06","8.57M","0.10%"
"10/22/2021","114.06","113.97","114.14","113.89","3.53M","0.19%"
"10/21/2021","113.84","114.01","114.04","113.84","5.23M","-0.21%"
"10/20/2021","114.08","114.17","114.29","114.06","6.18M","-0.07%"
"10/19/2021","114.16","114.37","114.37","114.16","5.04M","-0.29%"
"10/18/2021","114.49","114.33","114.56","114.25","5.58M","-0.07%"
"10/15/2021","114.57","114.61","114.63","114.51","4.64M","-0.24%"
"10/14/2021","114.85","114.70","114.85","114.63","4.09M","0.19%"
"10/13/2021","114.63","114.43","114.64","114.42","5.52M","0.23%"
"10/12/2021","114.37","114.17","114.38","114.11","3.69M","0.37%"
"10/11/2021","113.95","114.01","114.06","113.94","2.18M","-0.16%"
"10/08/2021","114.13","114.31","114.35","114.07","4.58M","-0.22%"
"10/07/2021","114.38","114.46","114.50","114.34","4.46M","-0.28%"
"10/06/2021","114.70","114.68","114.73","114.59","4.89M","0.04%"
"10/05/2021","114.65","114.82","114.87","114.61","7.42M","-0.23%"
"10/04/2021","114.92","114.92","115.03","114.80","4.18M","-0.07%"
"10/01/2021","115.00","114.82","115.06","114.79","7.06M","0.15%"
"09/30/2021","114.83","114.77","114.86","114.69","5.35M","-0.02%"
"09/29/2021","114.85","114.97","115.06","114.72","6.16M","0.07%"
"09/28/2021","114.77","114.90","115.00","114.69","7.02M","-0.42%"
"09/27/2021","115.25","115.21","115.38","115.19","5.63M","-0.14%"
"09/24/2021","115.41","115.50","115.51","115.32","4.46M","-0.17%"
"09/23/2021","115.61","115.93","115.94","115.57","8.27M","-0.49%"
"09/22/2021","116.18","116.11","116.25","116.00","7.14M","0.03%"
"09/21/2021","116.14","116.13","116.17","116.05","5.23M","0.04%"
"09/20/2021","116.09","116.02","116.17","115.97","5.46M","0.19%"
"09/17/2021","115.87","115.80","115.88","115.74","5.74M","-0.09%"
"09/16/2021","115.97","115.95","116.11","115.91","4.27M","-0.17%"
"09/15/2021","116.17","116.29","116.29","116.09","3.45M","-0.09%"
"09/14/2021","116.28","116.07","116.38","116.07","4.18M","0.22%"
"09/13/2021","116.02","116.00","116.08","115.96","3.95M","0.13%"
"09/10/2021","115.87","115.99","116.01","115.78","3.96M","-0.20%"
"09/09/2021","116.10","115.84","116.15","115.75","3.33M","0.32%"
"09/08/2021","115.73","115.70","115.82","115.62","3.42M","0.16%"
"09/07/2021","115.54","115.64","115.65","115.47","3.58M","-0.27%"
"09/03/2021","115.85","115.84","115.89","115.77","5.27M","-0.17%"
"09/02/2021","116.05","116.02","116.06","115.92","5.43M","0.10%"
"09/01/2021","115.93","116.02","116.02","115.81","4.15M","-0.11%"
"08/31/2021","116.06","116.18","116.28","116.02","6.76M","-0.15%"
"08/30/2021","116.23","116.02","116.23","116.00","3.71M","0.11%"
"08/27/2021","116.10","115.81","116.10","115.71","5.55M","0.28%"
"08/26/2021","115.78","115.76","115.79","115.64","4.88M","0.01%"
"08/25/2021","115.77","115.99","116.01","115.68","5.45M","-0.19%"
"08/24/2021","115.99","116.08","116.14","115.96","5.88M","-0.15%"
"08/23/2021","116.16","116.09","116.18","116.04","6.59M","0.00%"
"08/20/2021","116.16","116.18","116.21","116.08","2.90M","0.01%"
"08/19/2021","116.15","116.12","116.16","116.02","4.58M","0.17%"
"08/18/2021","115.95","115.94","116.03","115.80","3.98M","0.01%"
"08/17/2021","115.94","115.98","116.09","115.93","5.47M","-0.08%"
"08/16/2021","116.03","116.14","116.27","116.03","3.69M","0.05%"
"08/13/2021","115.97","115.65","115.97","115.64","4.60M","0.36%"
"08/12/2021","115.55","115.49","115.58","115.40","5.02M","0.01%"
"08/11/2021","115.54","115.46","115.70","115.34","6.67M","0.10%"
"08/10/2021","115.43","115.65","115.65","115.43","7.33M","-0.13%"
"08/09/2021","115.58","115.89","115.96","115.58","5.30M","-0.18%"
"08/08/2021","115.79","115.79","115.79","115.79","","0.00%"
"08/07/2021","115.79","115.79","115.79","115.79","","0.00%"
"08/06/2021","115.79","115.93","116.02","115.78","3.81M","-0.45%"
"08/05/2021","116.31","116.46","116.48","116.28","3.28M","-0.22%"
"08/04/2021","116.57","116.77","116.83","116.30","4.65M","-0.01%"
"08/03/2021","116.58","116.56","116.69","116.53","3.72M","0.03%"
"08/02/2021","116.54","116.36","116.68","116.31","5.75M","0.07%"
"07/30/2021","116.46","116.36","116.48","116.35","5.55M","0.14%"
"07/29/2021","116.30","116.29","116.36","116.22","6.63M","-0.16%"
"07/28/2021","116.49","116.24","116.49","116.14","5.46M","0.09%"
"07/27/2021","116.38","116.35","116.40","116.27","5.42M","0.23%"
"07/26/2021","116.11","116.30","116.33","116.08","7.13M","-0.09%"
"07/23/2021","116.21","116.03","116.22","116.03","4.44M","-0.07%"
"07/22/2021","116.29","116.03","116.35","116.03","8.18M","0.23%"
"07/21/2021","116.02","116.08","116.15","115.92","9.69M","-0.33%"
"07/20/2021","116.40","116.78","116.82","116.32","8.47M","-0.09%"
"07/19/2021","116.51","116.39","116.61","116.35","6.69M","0.53%"
"07/16/2021","115.90","115.77","115.96","115.76","3.87M","-0.09%"
"07/15/2021","116.00","115.94","116.02","115.72","4.48M","0.22%"
"07/14/2021","115.75","115.59","115.76","115.57","4.98M","0.34%"
"07/13/2021","115.36","115.65","115.76","115.30","5.15M","-0.22%"
"07/12/2021","115.61","115.80","115.81","115.60","4.27M","-0.06%"
"07/09/2021","115.68","115.73","115.76","115.68","4.75M","-0.33%"
"07/08/2021","116.06","116.04","116.18","115.96","6.54M","0.11%"
"07/07/2021","115.93","115.83","116.02","115.75","7.79M","0.17%"
"07/06/2021","115.73","115.51","115.83","115.51","7.37M","0.32%"
"07/05/2021","115.36","115.36","115.36","115.36","","0.00%"
"07/04/2021","115.36","115.36","115.36","115.36","","0.00%"
"07/03/2021","115.36","115.36","115.36","115.36","","0.00%"
"07/02/2021","115.36","115.23","115.37","115.17","4.31M","0.22%"
"07/01/2021","115.11","115.15","115.19","115.01","4.74M","-0.19%"
"06/30/2021","115.33","115.36","115.45","115.30","6.65M","0.07%"
"06/29/2021","115.25","115.06","115.25","115.05","5.10M","0.05%"
"06/28/2021","115.19","115.04","115.23","115.04","5.74M","0.29%"
"06/25/2021","114.86","115.11","115.13","114.75","6.50M","-0.20%"
"06/24/2021","115.09","115.10","115.17","115.05","8.36M","0.03%"
"06/23/2021","115.05","115.06","115.14","114.99","5.07M","-0.05%"
"06/22/2021","115.11","114.83","115.14","114.83","6.49M","0.10%"
"06/21/2021","114.99","115.06","115.12","114.92","6.88M","-0.26%"
"06/18/2021","115.29","115.05","115.39","114.91","5.69M","0.27%"
"06/17/2021","114.98","114.79","115.25","114.78","7.64M","0.31%"
"06/16/2021","114.62","115.07","115.13","114.51","8.65M","-0.32%"
"06/15/2021","114.99","114.90","115.02","114.87","8.23M","0.04%"
"06/14/2021","114.94","115.18","115.18","114.94","3.27M","-0.25%"
"06/11/2021","115.23","115.31","115.32","115.16","3.78M","-0.04%"
"06/10/2021","115.28","115.30","115.31","114.86","4.02M","0.21%"
"06/09/2021","115.04","115.43","115.43","114.97","3.64M","0.20%"
"06/08/2021","114.81","114.84","114.87","114.78","4.40M","0.18%"
"06/07/2021","114.60","113.97","114.64","113.97","3.73M","-0.07%"
"06/04/2021","114.68","114.39","114.68","114.22","4.54M","0.41%"
"06/03/2021","114.21","114.31","114.46","114.21","3.46M","-0.24%"
"06/02/2021","114.48","114.45","114.51","114.30","6.10M","0.13%"
"06/01/2021","114.33","114.36","114.40","114.16","6.21M","-0.19%"
"05/28/2021","114.55","114.55","114.68","114.50","6.77M","0.00%"
"05/27/2021","114.55","114.61","114.62","114.45","5.07M","-0.12%"
"05/26/2021","114.69","114.13","114.80","114.13","3.97M","-0.03%"
"05/25/2021","114.73","114.58","114.75","114.03","6.35M","0.24%"
"05/24/2021","114.45","114.50","114.51","114.38","3.87M","0.10%"
"05/21/2021","114.34","114.36","114.40","114.23","3.87M","0.04%"
"05/20/2021","114.29","114.08","114.30","114.08","6.24M","0.34%"
"05/19/2021","113.90","114.62","114.62","113.79","6.89M","-0.14%"
"05/18/2021","114.06","114.11","114.11","114.03","3.67M","-0.12%"
"05/17/2021","114.20","114.21","114.25","114.15","4.93M","-0.09%"
"05/14/2021","114.30","114.22","114.30","114.12","3.99M","0.23%"
"05/13/2021","114.04","113.90","114.06","113.78","6.77M","0.23%"
"05/12/2021","113.78","113.98","114.01","113.78","7.00M","-0.35%"
"05/11/2021","114.18","114.23","114.38","114.13","6.16M","-0.22%"
"05/10/2021","114.43","114.61","114.72","114.40","5.58M","-0.16%"
"05/07/2021","114.61","114.85","114.97","114.57","7.01M","-0.03%"
"05/06/2021","114.64","114.55","114.71","114.53","4.74M","0.02%"
"05/05/2021","114.62","114.45","114.62","114.42","4.48M","0.08%"
"05/04/2021","114.53","114.55","114.70","114.41","6.29M","0.12%"
"05/03/2021","114.39","114.40","114.59","114.33","5.94M","-0.09%"
"04/30/2021","114.49","114.41","114.52","114.33","6.47M","0.10%"
"04/29/2021","114.37","114.14","114.37","114.09","6.25M","-0.05%"
"04/28/2021","114.43","114.45","114.47","114.20","7.08M","0.05%"
"04/27/2021","114.37","115.13","115.13","114.37","3.82M","-0.24%"
"04/26/2021","114.65","114.74","114.80","114.65","3.48M","-0.09%"
"04/23/2021","114.75","114.81","115.09","114.64","3.81M","-0.02%"
"04/22/2021","114.77","114.74","114.80","114.59","4.57M","0.03%"
"04/21/2021","114.74","114.60","114.74","114.53","5.51M","0.10%"
"04/20/2021","114.63","114.42","114.67","114.39","4.32M","0.16%"
"04/19/2021","114.45","114.00","114.50","114.00","5.07M","-0.08%"
"04/16/2021","114.54","114.56","114.67","114.50","3.66M","-0.26%"
"04/15/2021","114.84","113.78","114.98","113.78","6.75M","0.39%"
"04/14/2021","114.39","114.41","114.44","114.28","3.62M","-0.08%"
"04/13/2021","114.48","114.12","114.48","114.11","4.04M","0.29%"
"04/12/2021","114.15","114.17","114.17","114.00","3.85M","-0.03%"
"04/09/2021","114.18","114.11","114.33","114.03","7.47M","-0.11%"
"04/08/2021","114.31","114.18","114.31","114.13","4.93M","0.25%"
"04/07/2021","114.03","114.12","114.30","114.03","4.51M","-0.16%"
"04/06/2021","114.21","113.98","114.22","113.95","4.86M","0.35%"
"04/05/2021","113.81","113.78","113.89","113.69","9.23M","-0.20%"
"04/01/2021","114.04","113.93","114.05","113.83","10.77M","0.18%"
"03/31/2021","113.83","113.84","113.98","113.71","6.31M","0.02%"
"03/30/2021","113.81","113.64","113.85","113.53","5.00M","0.08%"
"03/29/2021","113.72","113.52","114.00","113.52","7.63M","-0.17%"
"03/26/2021","113.91","113.91","114.08","113.86","4.33M","-0.17%"
"03/25/2021","114.10","114.24","114.29","113.99","5.18M","-0.05%"
"03/24/2021","114.16","113.90","114.20","113.86","6.35M","0.12%"
"03/23/2021","114.02","113.89","114.04","113.77","5.53M","0.25%"
"03/22/2021","113.73","113.70","113.80","113.60","5.47M","0.19%"
"03/19/2021","113.51","113.40","113.54","113.33","4.70M","0.08%"
"03/18/2021","113.42","113.32","113.55","113.20","6.22M","-0.39%"
"03/17/2021","113.86","113.55","113.98","113.48","6.23M","-0.01%"
"03/16/2021","113.87","113.97","114.03","113.78","3.99M","-0.04%"
"03/15/2021","113.91","113.60","114.01","113.60","5.00M","0.11%"
"03/12/2021","113.79","113.88","113.91","113.70","5.07M","-0.57%"
"03/11/2021","114.44","114.47","114.54","114.30","8.83M","-0.01%"
"03/10/2021","114.45","114.30","114.50","114.28","6.94M","0.17%"
"03/09/2021","114.26","114.20","114.31","114.00","5.68M","0.38%"
"03/08/2021","113.83","114.20","114.23","113.83","5.64M","-0.39%"
"03/05/2021","114.28","114.17","114.32","114.05","8.68M","-0.07%"
"03/04/2021","114.36","114.79","114.80","114.26","5.95M","-0.29%"
"03/03/2021","114.69","114.80","114.83","114.60","10.32M","-0.36%"
"03/02/2021","115.11","115.04","115.12","114.95","10.11M","0.02%"
"03/01/2021","115.09","114.97","115.59","114.89","13.02M","-0.22%"
"02/26/2021","115.34","114.96","115.39","114.59","11.33M","0.81%"
"02/25/2021","114.41","115.01","115.29","114.20","14.93M","-0.92%"
"02/24/2021","115.47","115.06","115.50","115.01","6.23M","-0.03%"
"02/23/2021","115.51","115.75","115.75","115.27","6.04M","0.03%"
"02/22/2021","115.48","115.76","115.87","115.48","4.89M","-0.31%"
"02/19/2021","115.84","116.02","116.06","115.75","4.67M","-0.31%"
"02/18/2021","116.20","116.14","116.28","116.03","5.33M","-0.05%"
"02/17/2021","116.26","116.22","116.29","116.14","7.80M","0.20%"
"02/16/2021","116.03","116.22","116.23","116.02","5.68M","-0.47%"
"02/12/2021","116.58","116.67","116.74","116.54","3.28M","-0.23%"
"02/11/2021","116.85","117.03","117.03","116.80","3.47M","-0.12%"
"02/10/2021","116.99","116.97","117.01","116.92","4.38M","0.09%"
"02/09/2021","116.88","116.94","116.97","116.82","4.53M","0.04%"
"02/08/2021","116.83","116.75","116.93","116.72","4.70M","0.10%"
"02/05/2021","116.71","116.91","116.96","116.70","3.45M","-0.13%"
"02/04/2021","116.86","116.75","116.89","116.69","5.29M","-0.04%"
"02/03/2021","116.91","116.97","116.99","116.87","5.49M","-0.12%"
"02/02/2021","117.05","116.99","117.09","116.97","7.32M","-0.15%"
"02/01/2021","117.23","117.20","117.26","117.09","6.62M","-0.07%"
"01/29/2021","117.31","117.16","117.40","116.56","12.16M","-0.11%"
"01/28/2021","117.44","117.48","117.49","117.29","6.18M","-0.07%"
"01/27/2021","117.52","117.61","117.67","117.04","3.62M","0.01%"
"01/26/2021","117.51","117.46","117.58","117.43","3.64M","-0.03%"
"01/25/2021","117.55","117.39","117.56","117.36","4.05M","0.26%"
"01/22/2021","117.25","117.29","117.32","117.19","3.51M","0.00%"
"01/21/2021","117.25","117.22","117.30","117.14","8.30M","-0.14%"
"01/20/2021","117.42","117.35","117.43","117.31","6.23M","0.01%"
"01/19/2021","117.41","117.27","117.42","117.22","7.60M","0.14%"
"01/15/2021","117.25","117.34","117.36","117.18","6.45M","0.10%"
"01/14/2021","117.13","117.37","117.45","117.08","6.61M","-0.20%"
"01/13/2021","117.36","117.63","117.63","117.08","6.79M","0.32%"
"01/12/2021","116.99","116.82","116.99","116.68","7.27M","0.09%"
"01/11/2021","116.89","117.02","117.05","116.89","8.61M","-0.16%"
"01/08/2021","117.08","117.18","117.34","116.98","7.34M","-0.12%"
"01/07/2021","117.22","117.13","117.26","117.07","6.64M","-0.10%"
"01/06/2021","117.34","117.90","117.90","117.15","10.68M","-0.49%"
"01/05/2021","117.92","118.06","118.06","117.75","7.48M","-0.10%"
"01/04/2021","118.04","118.08","118.14","117.98","6.41M","-0.13%"
"12/31/2020","118.19","118.18","118.24","118.12","4.83M","0.08%"
"12/30/2020","118.10","118.09","118.12","117.98","2.76M","0.06%"
"12/29/2020","118.03","118.06","118.06","117.92","4.30M","0.02%"
"12/28/2020","118.01","117.97","118.05","117.83","4.57M","0.02%"
"12/24/2020","117.99","117.94","118.05","117.92","2.21M","0.09%"
"12/23/2020","117.88","117.81","117.88","117.63","4.16M","-0.07%"
"12/22/2020","117.96","117.88","117.98","117.83","4.52M","0.14%"
"12/21/2020","117.79","117.92","117.96","117.75","4.82M","0.00%"
"12/18/2020","117.79","117.97","117.97","117.76","3.87M","-0.05%"
"12/17/2020","117.85","118.01","118.06","117.73","6.61M","-0.11%"
"12/16/2020","117.98","117.83","118.03","117.76","4.47M","-0.04%"
"12/15/2020","118.03","117.95","118.03","117.90","4.22M","0.06%"
"12/14/2020","117.96","117.86","118.03","117.80","4.71M","-0.06%"
"12/11/2020","118.03","118.01","118.09","117.95","5.64M","0.11%"
"12/10/2020","117.90","117.74","117.93","117.69","6.19M","0.25%"
"12/09/2020","117.61","117.73","117.78","117.52","6.98M","-0.14%"
"12/08/2020","117.78","117.88","117.96","117.75","6.81M","0.01%"
"12/07/2020","117.77","117.76","117.83","117.69","6.13M","0.15%"
"12/04/2020","117.59","117.90","117.90","117.51","5.90M","-0.27%"
"12/03/2020","117.91","117.92","117.98","117.77","5.20M","0.17%"
"12/02/2020","117.71","117.81","117.81","117.54","6.12M","-0.11%"
"12/01/2020","117.84","118.03","118.10","117.73","5.19M","-0.49%"
"11/30/2020","118.42","118.32","118.45","118.25","8.69M","0.14%"
"11/27/2020","118.26","118.25","118.28","118.22","3.44M","0.17%"
"11/25/2020","118.06","118.15","118.21","118.02","4.13M","-0.03%"
"11/24/2020","118.10","118.24","118.28","118.07","4.70M","-0.14%"
"11/23/2020","118.26","118.28","118.30","118.17","4.74M","-0.03%"
"11/20/2020","118.29","118.19","118.34","118.13","7.22M","0.10%"
"11/19/2020","118.17","118.08","118.26","118.03","6.68M","0.19%"
"11/18/2020","117.95","117.95","117.99","117.89","6.19M","0.07%"
"11/17/2020","117.87","117.75","117.90","117.75","4.65M","0.20%"
"11/16/2020","117.63","117.61","117.67","117.58","7.95M","-0.01%"
"11/13/2020","117.64","117.52","117.69","117.52","5.13M","0.02%"
"11/12/2020","117.62","117.37","117.63","117.33","7.74M","0.42%"
"11/11/2020","117.13","117.06","117.18","117.02","3.04M","0.06%"
"11/10/2020","117.06","117.05","117.23","117.03","5.15M","-0.16%"
"11/09/2020","117.25","117.40","117.47","117.06","6.63M","-0.47%"
"11/06/2020","117.80","117.81","117.86","117.67","5.51M","-0.22%"
"11/05/2020","118.06","118.09","118.12","117.91","5.29M","0.09%"
"11/04/2020","117.95","117.90","118.04","117.83","5.31M","0.67%"
"11/03/2020","117.17","117.22","117.22","117.05","6.69M","-0.04%"
"11/02/2020","117.22","117.27","117.35","117.18","6.67M","0.02%"
"10/30/2020","117.20","117.45","117.52","117.20","10.61M","-0.27%"
"10/29/2020","117.52","117.76","117.77","117.40","11.78M","-0.18%"
"10/28/2020","117.73","117.81","117.95","117.72","7.33M","-0.14%"
"10/27/2020","117.90","117.80","117.91","117.73","5.69M","0.23%"
"10/26/2020","117.63","117.65","117.72","117.59","4.96M","0.14%"
"10/23/2020","117.47","117.30","117.52","117.30","3.88M","0.14%"
"10/22/2020","117.30","117.51","117.54","117.30","4.80M","-0.18%"
"10/21/2020","117.51","117.59","117.64","117.48","3.69M","-0.12%"
"10/20/2020","117.65","117.70","117.71","117.58","4.01M","-0.08%"
"10/19/2020","117.75","117.81","117.87","117.72","4.69M","-0.12%"
"10/16/2020","117.89","117.99","118.08","117.88","3.93M","-0.05%"
"10/15/2020","117.95","118.15","118.15","117.95","5.46M","-0.08%"
"10/14/2020","118.05","118.10","118.11","117.98","4.92M","0.06%"
"10/13/2020","117.98","118.01","118.07","117.93","3.42M","0.03%"
"10/12/2020","117.95","117.85","117.95","117.77","3.00M","0.20%"
"10/09/2020","117.72","117.65","117.74","117.50","2.91M","0.03%"
"10/08/2020","117.69","117.67","117.71","117.59","4.24M","0.13%"
"10/07/2020","117.54","117.53","117.66","117.45","4.80M","-0.07%"
"10/06/2020","117.62","117.60","117.84","117.49","4.34M","0.09%"
"10/05/2020","117.52","117.74","117.74","117.52","4.89M","-0.32%"
"10/04/2020","117.90","117.90","117.90","117.90","","0.00%"
"10/03/2020","117.90","117.90","117.90","117.90","","0.00%"
"10/02/2020","117.90","118.03","118.04","117.81","5.60M","-0.10%"
"10/01/2020","118.02","117.81","118.04","117.75","9.74M","-0.03%"
"09/30/2020","118.06","118.26","118.26","117.95","6.09M","-0.16%"
"09/29/2020","118.25","118.28","118.33","118.21","5.30M","0.02%"
"09/28/2020","118.23","118.18","118.23","118.11","5.83M","0.08%"
"09/27/2020","118.13","118.13","118.13","118.13","","0.00%"
"09/26/2020","118.13","118.13","118.13","118.13","","0.00%"
"09/25/2020","118.13","118.12","118.17","118.05","5.14M","0.03%"
"09/24/2020","118.09","118.01","118.16","118.01","4.15M","0.01%"
"09/23/2020","118.08","118.35","118.35","118.07","5.39M","-0.21%"
"09/22/2020","118.33","118.25","118.38","118.24","4.39M","0.08%"
"09/21/2020","118.24","118.41","118.42","118.24","6.19M","0.02%"
"09/18/2020","118.22","118.44","118.44","118.18","5.15M","-0.12%"
"09/17/2020","118.36","118.50","118.52","118.33","4.88M","0.03%"
"09/16/2020","118.33","118.53","118.53","118.20","6.45M","-0.05%"
"09/15/2020","118.39","118.29","118.42","118.29","4.16M","0.01%"
"09/14/2020","118.38","118.47","118.49","118.31","6.39M","0.01%"
"09/13/2020","118.37","118.37","118.37","118.37","","0.00%"
"09/11/2020","118.37","118.42","118.49","118.24","8.20M","0.12%"
"09/10/2020","118.23","118.15","118.29","118.02","4.93M","0.01%"
"09/09/2020","118.22","118.39","118.39","118.04","7.82M","-0.01%"
"09/08/2020","118.23","118.34","118.46","118.20","8.89M","0.11%"
"09/04/2020","118.10","118.41","118.52","118.08","5.37M","-0.50%"
"09/03/2020","118.69","118.73","118.87","118.62","6.86M","0.03%"
"09/02/2020","118.66","118.42","118.71","118.34","4.84M","0.20%"
"09/01/2020","118.42","118.12","118.44","118.00","9.84M","0.04%"
"08/31/2020","118.37","118.14","118.51","118.14","10.89M","0.22%"
"08/30/2020","118.11","118.11","118.11","118.11","","0.00%"
"08/28/2020","118.11","118.08","118.16","117.99","6.47M","0.14%"
"08/27/2020","117.95","118.55","118.56","117.95","5.61M","-0.35%"
"08/26/2020","118.36","118.35","118.42","118.21","5.14M","-0.02%"
"08/25/2020","118.38","118.35","118.46","118.18","4.00M","-0.21%"
"08/24/2020","118.63","118.72","118.82","118.60","4.62M","-0.04%"
"08/23/2020","118.68","118.68","118.68","118.68","","0.00%"
"08/21/2020","118.68","118.74","118.76","118.55","6.37M","0.10%"
"08/20/2020","118.56","118.58","118.71","118.56","4.49M","0.18%"
"08/19/2020","118.35","118.65","118.70","118.34","4.54M","-0.15%"
"08/18/2020","118.53","118.43","118.60","118.42","4.77M","0.14%"
"08/17/2020","118.36","118.38","118.47","118.31","3.95M","0.14%"
"08/14/2020","118.20","118.43","118.49","118.20","4.56M","-0.09%"
"08/13/2020","118.31","118.78","118.78","118.24","8.02M","-0.37%"
"08/12/2020","118.75","118.73","118.89","118.65","5.52M","-0.20%"
"08/11/2020","118.99","119.11","119.21","118.84","7.81M","-0.28%"
"08/10/2020","119.32","119.62","119.64","119.28","5.15M","-0.09%"
"08/09/2020","119.43","119.43","119.43","119.43","","0.00%"
"08/08/2020","119.43","119.43","119.43","119.43","","0.00%"
"08/07/2020","119.43","119.66","119.73","119.39","5.56M","-0.12%"
"08/06/2020","119.57","119.62","119.73","119.53","4.61M","0.14%"
"08/05/2020","119.40","119.39","119.49","119.31","17.35M","-0.19%"
"08/04/2020","119.63","119.42","119.63","119.42","10.94M","0.19%"
"08/03/2020","119.40","119.37","119.40","119.19","13.01M","-0.13%"
"08/02/2020","119.56","119.56","119.56","119.56","","0.00%"
"07/31/2020","119.56","119.45","119.63","119.40","5.28M","0.04%"
"07/30/2020","119.51","119.51","119.54","119.45","3.05M","0.08%"
"07/29/2020","119.42","119.30","119.43","119.24","9.73M","0.12%"
"07/28/2020","119.28","119.30","119.35","119.22","6.08M","0.07%"
"07/27/2020","119.20","119.40","119.42","119.15","5.61M","-0.07%"
"07/26/2020","119.28","119.28","119.28","119.28","","0.00%"
"07/25/2020","119.28","119.28","119.28","119.28","","0.00%"
"07/24/2020","119.28","119.26","119.41","119.19","11.07M","-0.03%"
"07/23/2020","119.32","119.35","119.39","119.25","12.12M","0.12%"
"07/22/2020","119.18","119.22","119.27","119.11","6.30M","0.08%"
"07/21/2020","119.08","119.10","119.10","119.01","6.10M","0.06%"
"07/20/2020","119.01","119.03","119.06","118.91","3.99M","0.11%"
"07/17/2020","118.88","118.94","118.99","118.77","2.55M","0.10%"
"07/16/2020","118.76","118.83","118.89","118.74","3.53M","0.07%"
"07/15/2020","118.68","118.50","118.70","118.50","3.40M","0.01%"
"07/14/2020","118.67","118.58","118.74","118.58","3.99M","0.16%"
"07/13/2020","118.48","118.46","118.53","118.37","4.80M","-0.01%"
"07/12/2020","118.49","118.49","118.49","118.49","","0.00%"
"07/11/2020","118.49","118.49","118.49","118.49","","0.00%"
"07/10/2020","118.49","118.83","118.83","118.45","3.13M","-0.12%"
"07/09/2020","118.63","118.40","118.70","118.36","3.80M","0.26%"
"07/08/2020","118.32","118.35","118.45","118.22","5.03M","-0.03%"
"07/07/2020","118.36","118.23","118.38","118.06","5.45M","0.15%"
"07/06/2020","118.18","118.18","118.21","118.00","5.95M","-0.01%"
"07/05/2020","118.19","118.19","118.19","118.19","","0.00%"
"07/04/2020","118.19","118.19","118.19","118.19","","0.00%"
"07/02/2020","118.19","118.05","118.21","117.99","3.61M","0.12%"
"07/01/2020","118.05","117.90","118.07","117.76","6.75M","-0.14%"
"06/30/2020","118.21","118.28","118.32","117.98","7.45M","0.08%"
"06/29/2020","118.11","118.01","118.11","117.95","3.52M","0.08%"
"06/26/2020","118.01","117.99","118.08","117.84","5.68M","0.12%"
"06/25/2020","117.87","117.94","117.95","117.80","4.72M","0.12%"
"06/24/2020","117.73","117.70","117.84","117.61","5.04M","-0.02%"
"06/23/2020","117.75","117.79","117.83","117.69","3.99M","-0.02%"
"06/22/2020","117.77","118.00","118.00","117.73","3.45M","-0.03%"
"06/19/2020","117.80","117.80","117.97","117.74","2.92M","0.03%"
"06/18/2020","117.76","117.88","117.88","117.64","3.36M","0.10%"
"06/17/2020","117.64","117.74","117.76","117.47","3.70M","-0.08%"
"06/16/2020","117.74","117.98","118.00","117.59","5.33M","-0.19%"
"06/15/2020","117.97","117.72","117.98","117.61","5.87M","0.33%"
"06/12/2020","117.58","117.60","117.70","117.44","4.57M","0.10%"
"06/11/2020","117.46","117.73","117.80","117.44","7.44M","-0.17%"
"06/10/2020","117.66","117.25","117.68","117.19","4.68M","0.41%"
"06/09/2020","117.18","117.31","117.33","117.18","5.51M","0.13%"
"06/08/2020","117.03","116.81","117.11","116.75","8.55M","0.11%"
"06/07/2020","116.90","116.90","116.90","116.90","","0.00%"
"06/05/2020","116.90","116.75","116.91","116.48","5.17M","0.06%"
"06/04/2020","116.83","117.27","117.30","116.82","5.00M","-0.30%"
"06/03/2020","117.18","117.26","117.41","117.06","6.08M","-0.25%"
"06/02/2020","117.47","117.38","117.47","117.31","4.29M","0.09%"
"06/01/2020","117.37","117.35","117.40","117.24","5.58M","-0.24%"
"05/29/2020","117.65","117.43","117.71","117.32","9.23M","0.26%"
"05/28/2020","117.34","117.14","117.35","117.14","11.25M","-0.07%"
"05/27/2020","117.42","117.50","117.54","117.30","4.77M","0.14%"
"05/26/2020","117.25","117.38","117.44","117.24","6.16M","-0.16%"
"05/22/2020","117.44","117.60","117.60","117.39","2.79M","0.05%"
"05/21/2020","117.38","117.35","117.47","117.32","5.14M","0.08%"
"05/20/2020","117.29","117.03","117.34","117.00","4.58M","0.26%"
"05/19/2020","116.99","116.91","117.03","116.81","4.93M","0.11%"
"05/18/2020","116.86","116.97","117.09","116.66","5.04M","-0.15%"
"05/15/2020","117.03","117.04","117.09","116.90","5.90M","0.06%"
"05/14/2020","116.96","116.91","116.97","116.72","5.70M","0.31%"
"05/13/2020","116.60","116.63","116.76","116.45","4.43M","0.16%"
"05/12/2020","116.41","116.46","116.59","116.23","6.16M","0.26%"
"05/11/2020","116.11","116.40","116.43","116.06","5.25M","-0.30%"
"05/10/2020","116.46","116.46","116.46","116.46","","0.00%"
"05/09/2020","116.46","116.46","116.46","116.46","","0.00%"
"05/08/2020","116.46","116.68","116.76","116.35","3.59M","-0.27%"
"05/07/2020","116.77","116.61","116.77","116.42","3.79M","0.31%"
"05/06/2020","116.41","116.44","116.71","116.30","6.39M","-0.40%"
"05/05/2020","116.88","116.96","116.97","116.81","4.61M","-0.08%"
"05/04/2020","116.97","116.89","117.09","116.87","3.68M","0.09%"
"05/03/2020","116.87","116.87","116.87","116.87","","0.00%"
"05/02/2020","116.87","116.87","116.87","116.87","","0.00%"
"05/01/2020","116.87","116.97","117.10","116.68","6.10M","-0.20%"
"04/30/2020","117.10","117.38","117.49","117.06","10.49M","-0.22%"
"04/29/2020","117.36","117.29","117.48","117.20","4.65M","0.07%"
"04/28/2020","117.28","117.27","117.45","117.12","5.89M","0.39%"
"04/27/2020","116.82","117.21","117.36","116.82","5.58M","-0.46%"
"04/24/2020","117.36","117.22","117.39","117.20","3.16M","-0.05%"
"04/23/2020","117.42","117.33","117.45","117.19","4.33M","0.24%"
"04/22/2020","117.14","117.16","117.24","116.94","4.65M","0.00%"
"04/21/2020","117.14","117.43","117.44","117.07","4.66M","0.05%"
"04/20/2020","117.08","117.15","117.28","116.94","3.85M","-0.14%"
"04/17/2020","117.25","117.52","117.62","117.03","4.95M","-0.12%"
"04/16/2020","117.39","117.19","117.53","117.19","4.74M","0.13%"
"04/15/2020","117.24","117.03","117.31","116.71","4.37M","0.41%"
"04/14/2020","116.76","116.99","117.00","116.58","5.51M","0.05%"
"04/13/2020","116.70","117.09","117.17","116.53","5.74M","-0.47%"
"04/09/2020","117.25","116.50","117.25","116.17","5.58M","1.24%"
"04/08/2020","115.81","115.70","115.97","115.55","4.67M","0.10%"
"04/07/2020","115.70","115.61","115.74","115.36","7.74M","0.14%"
"04/06/2020","115.54","115.02","115.61","115.02","8.46M","0.49%"
"04/03/2020","114.98","114.95","115.12","114.28","9.79M","0.07%"
"04/02/2020","114.90","115.02","115.22","114.70","11.57M","0.15%"
"04/01/2020","114.73","115.38","115.40","114.65","14.19M","-0.55%"
"03/31/2020","115.37","115.71","115.98","115.23","14.02M","-0.27%"
"03/30/2020","115.68","115.77","116.26","115.62","13.34M","0.10%"
"03/28/2020","115.57","115.57","115.57","115.57","","0.00%"
"03/27/2020","115.57","114.78","115.58","114.53","10.84M","0.43%"
"03/26/2020","115.08","114.20","115.39","114.20","16.61M","0.31%"
"03/25/2020","114.73","114.00","114.75","113.70","11.00M","1.02%"
"03/24/2020","113.57","111.52","113.57","111.08","10.25M","0.83%"
"03/23/2020","112.64","109.90","112.94","109.00","12.57M","2.37%"
"03/21/2020","110.03","110.03","110.03","110.03","","0.00%"
"03/20/2020","110.03","108.46","110.24","108.46","16.50M","0.99%"
"03/19/2020","108.95","106.47","109.22","105.56","11.72M","2.23%"
"03/18/2020","106.57","109.36","110.57","105.77","17.06M","-3.81%"
"03/17/2020","110.79","112.89","113.92","110.59","15.74M","-2.59%"
"03/16/2020","113.73","111.37","113.95","110.46","12.31M","1.67%"
"03/14/2020","111.86","111.86","111.86","111.86","","0.00%"
"03/13/2020","111.86","111.53","112.46","110.25","24.96M","1.57%"
"03/12/2020","110.13","113.98","114.75","109.06","18.68M","-4.00%"
"03/11/2020","114.72","116.70","116.79","114.55","13.34M","-1.43%"
"03/10/2020","116.38","117.41","117.68","116.17","18.69M","-1.13%"
"03/09/2020","117.71","119.27","119.27","117.00","13.67M","-0.13%"
"03/06/2020","117.86","118.18","118.27","117.50","17.46M","0.74%"
"03/05/2020","117.00","116.99","117.23","116.93","6.80M","0.31%"
"03/04/2020","116.64","116.83","117.12","116.53","6.29M","-0.08%"
"03/03/2020","116.73","116.05","117.26","116.01","12.54M","0.68%"
"03/02/2020","115.94","116.29","116.44","115.89","13.20M","-0.24%"
"02/28/2020","116.22","115.88","116.34","115.76","17.24M","0.74%"
"02/27/2020","115.37","115.75","115.75","115.35","11.61M","0.02%"
"02/26/2020","115.35","115.32","115.61","115.26","4.81M","-0.10%"
"02/25/2020","115.47","115.28","115.58","115.27","7.47M","0.17%"
"02/24/2020","115.27","115.43","115.43","115.23","7.49M","0.32%"
"02/21/2020","114.90","114.86","115.10","114.84","4.49M","0.20%"
"02/20/2020","114.67","114.53","114.67","114.49","4.06M","0.23%"
"02/19/2020","114.41","114.40","114.47","114.33","3.69M","-0.03%"
"02/18/2020","114.44","114.48","114.56","114.34","4.87M","0.13%"
"02/17/2020","114.29","114.29","114.29","114.29","","0.00%"
"02/14/2020","114.29","114.35","114.38","114.27","4.00M","0.11%"
"02/13/2020","114.17","114.11","114.24","114.10","5.21M","0.07%"
"02/12/2020","114.09","114.12","114.14","114.03","6.37M","-0.11%"
"02/11/2020","114.21","114.35","114.35","114.19","5.63M","-0.12%"
"02/10/2020","114.35","114.44","114.44","114.29","8.19M","0.11%"
"02/07/2020","114.22","114.20","114.28","114.10","5.22M","0.29%"
"02/06/2020","113.89","113.82","113.93","113.77","6.84M","0.06%"
"02/05/2020","113.82","113.82","113.87","113.76","6.07M","-0.15%"
"02/04/2020","113.99","114.10","114.10","113.89","5.29M","-0.33%"
"02/03/2020","114.37","114.20","114.41","114.08","7.21M","-0.24%"
"01/31/2020","114.65","114.48","114.67","114.38","5.06M","0.30%"
"01/30/2020","114.31","114.28","114.54","114.23","6.89M","0.01%"
"01/29/2020","114.30","114.13","114.35","114.11","2.89M","0.23%"
"01/28/2020","114.04","114.10","114.16","113.95","4.46M","-0.09%"
"01/27/2020","114.14","114.14","114.16","114.05","4.79M","0.31%"
"01/24/2020","113.79","113.68","113.89","113.67","4.20M","0.18%"
"01/23/2020","113.58","113.64","113.70","113.58","3.43M","0.13%"
"01/22/2020","113.43","113.44","113.49","113.39","3.63M","0.05%"
"01/21/2020","113.37","113.25","113.41","113.22","4.67M","0.28%"
"01/17/2020","113.05","113.02","113.10","112.97","3.00M","-0.11%"
"01/16/2020","113.18","113.16","113.21","113.05","2.80M","0.00%"
"01/15/2020","113.18","113.18","113.19","113.07","3.90M","0.15%"
"01/14/2020","113.01","112.97","113.02","112.93","3.63M","0.09%"
"01/13/2020","112.91","112.89","112.94","112.83","4.47M","-0.06%"
"01/10/2020","112.98","112.90","112.99","112.82","4.20M","0.17%"
"01/09/2020","112.79","112.49","112.79","112.46","9.11M","0.11%"
"01/08/2020","112.67","112.85","112.94","112.55","7.32M","-0.12%"
"01/07/2020","112.80","112.92","112.92","112.78","2.88M","-0.11%"
"01/06/2020","112.92","113.13","113.13","112.84","8.13M","-0.08%"