Date,Price,Return
01/01/2020,"1,12",
04/01/2020,"1,10",12.1899
05/01/2020,"1,10",12.1899
06/01/2020,"1,11",12.1899
07/01/2020,"1,13",12.1899
09/01/2020,"1,19",12.1899
10/01/2020,"1,17",12.1899
12/01/2020,"1,21",12.1899
01/02/2020,"1,12",12.1899
03/02/2020,"1,11",12.1899
04/02/2020,"1,09",12.1899
06/02/2020,"1,12",12.1899
07/02/2020,"1,12",12.1899
09/02/2020,"1,19",12.1899
10/02/2020,"1,17",12.1899
11/02/2020,"1,16",12.1899
12/02/2020,"1,21",12.1899
01/03/2020,"1,12",12.1899
02/03/2020,"1,11",12.1899
03/03/2020,"1,12",12.1899
04/03/2020,"1,08",12.1899
06/03/2020,"1,12",12.1899
07/03/2020,"1,12",12.1899
08/03/2020,"1,18",12.1899
09/03/2020,"1,18",12.1899
11/03/2020,"1,17",12.1899
12/03/2020,"1,21",12.1899
02/04/2020,"1,10",12.1899
03/04/2020,"1,11",12.1899
05/04/2020,"1,09",12.1899
06/04/2020,"1,13",12.1899
08/04/2020,"1,18",12.1899
09/04/2020,"1,18",12.1899
11/04/2020,"1,17",12.1899
12/04/2020,"1,21",12.1899
02/05/2020,"1,10",12.1899
03/05/2020,"1,12",12.1899
05/05/2020,"1,08",12.1899
06/05/2020,"1,13",12.1899
08/05/2020,"1,19",12.1899
10/05/2020,"1,18",12.1899
11/05/2020,"1,18",12.1899
01/06/2020,"1,12",12.1899
02/06/2020,"1,10",12.1899
03/06/2020,"1,13",12.1899
04/06/2020,"1,08",12.1899
05/06/2020,"1,08",12.1899
07/06/2020,"1,13",12.1899
08/06/2020,"1,19",12.1899
10/06/2020,"1,17",12.1899
11/06/2020,"1,19",12.1899
01/07/2020,"1,12",12.1899
02/07/2020,"1,09",12.1899
04/07/2020,"1,09",12.1899
05/07/2020,"1,08",12.1899
07/07/2020,"1,13",12.1899
08/07/2020,"1,18",12.1899
09/07/2020,"1,18",12.1899
10/07/2020,"1,18",12.1899
12/07/2020,"1,21",12.1899
01/08/2020,"1,11",12.1899
04/08/2020,"1,09",12.1899
05/08/2020,"1,08",12.1899
06/08/2020,"1,13",12.1899
07/08/2020,"1,13",12.1899
09/08/2020,"1,18",12.1899
10/08/2020,"1,18",12.1899
12/08/2020,"1,21",12.1899
01/09/2020,"1,11",12.1899
03/09/2020,"1,14",12.1899
04/09/2020,"1,09",12.1899
06/09/2020,"1,13",12.1899
07/09/2020,"1,13",12.1899
09/09/2020,"1,18",12.1899
10/09/2020,"1,18",12.1899
11/09/2020,"1,18",12.1899
12/09/2020,"1,21",12.1899
01/10/2020,"1,11",12.1899
02/10/2020,"1,09",12.1899
03/10/2020,"1,13",12.1899
04/10/2020,"1,09",12.1899
06/10/2020,"1,14",12.1899
07/10/2020,"1,13",12.1899
08/10/2020,"1,17",12.1899
09/10/2020,"1,18",12.1899
11/10/2020,"1,18",12.1899
12/10/2020,"1,21",12.1899
02/11/2020,"1,09",12.1899
03/11/2020,"1,13",12.1899
05/11/2020,"1,08",12.1899
06/11/2020,"1,13",12.1899
08/11/2020,"1,17",12.1899
09/11/2020,"1,18",12.1899
11/11/2020,"1,18",12.1899
12/11/2020,"1,21",12.1899
02/12/2020,"1,09",12.1899
03/12/2020,"1,12",12.1899
05/12/2020,"1,08",12.1899
06/12/2020,"1,13",12.1899
08/12/2020,"1,18",12.1899
10/12/2020,"1,18",12.1899
11/12/2020,"1,18",12.1899
01/01/2021,"1,22",12.1899
02/01/2021,"1,21",12.1899
03/01/2021,"1,20",12.1899
04/01/2021,"1,18",12.1899
06/01/2021,"1,22",12.1899
07/01/2021,"1,18",12.1899
09/01/2021,"1,18",12.1899
10/01/2021,"1,16",12.1899
11/01/2021,"1,16",12.1899
12/01/2021,"1,13",12.1899
02/02/2021,"1,20",12.1899
03/02/2021,"1,21",12.1899
04/02/2021,"1,18",12.1899
06/02/2021,"1,22",12.1899
07/02/2021,"1,19",12.1899
08/02/2021,"1,19",12.1899
09/02/2021,"1,19",12.1899
11/02/2021,"1,16",12.1899
12/02/2021,"1,13",12.1899
02/03/2021,"1,20",12.1899
03/03/2021,"1,21",12.1899
05/03/2021,"1,21",12.1899
06/03/2021,"1,21",12.1899
08/03/2021,"1,19",12.1899
09/03/2021,"1,19",12.1899
11/03/2021,"1,16",12.1899
12/03/2021,"1,13",12.1899
01/04/2021,"1,22",12.1899
02/04/2021,"1,20",12.1899
03/04/2021,"1,20",12.1899
05/04/2021,"1,20",12.1899
06/04/2021,"1,22",12.1899
08/04/2021,"1,18",12.1899
10/04/2021,"1,16",12.1899
11/04/2021,"1,16",12.1899
01/05/2021,"1,23",12.1899
02/05/2021,"1,20",12.1899
03/05/2021,"1,19",12.1899
04/05/2021,"1,18",12.1899
05/05/2021,"1,20",12.1899
07/05/2021,"1,19",12.1899
08/05/2021,"1,18",12.1899
10/05/2021,"1,16",12.1899
11/05/2021,"1,16",12.1899
01/06/2021,"1,23",12.1899
04/06/2021,"1,19",12.1899
05/06/2021,"1,21",12.1899
07/06/2021,"1,18",12.1899
08/06/2021,"1,18",12.1899
09/06/2021,"1,19",12.1899
10/06/2021,"1,16",12.1899
12/06/2021,"1,13",12.1899
01/07/2021,"1,23",12.1899
04/07/2021,"1,19",12.1899
05/07/2021,"1,22",12.1899
06/07/2021,"1,22",12.1899
07/07/2021,"1,18",12.1899
09/07/2021,"1,18",12.1899
10/07/2021,"1,16",12.1899
12/07/2021,"1,13",12.1899
01/08/2021,"1,22",12.1899
02/08/2021,"1,20",12.1899
03/08/2021,"1,18",12.1899
04/08/2021,"1,19",12.1899
06/08/2021,"1,22",12.1899
07/08/2021,"1,18",12.1899
09/08/2021,"1,18",12.1899
10/08/2021,"1,16",12.1899
11/08/2021,"1,16",12.1899
12/08/2021,"1,13",12.1899
02/09/2021,"1,21",12.1899
03/09/2021,"1,19",12.1899
04/09/2021,"1,19",12.1899
06/09/2021,"1,22",12.1899
07/09/2021,"1,19",12.1899
08/09/2021,"1,17",12.1899
09/09/2021,"1,18",12.1899
11/09/2021,"1,16",12.1899
12/09/2021,"1,13",12.1899
02/10/2021,"1,21",12.1899
03/10/2021,"1,19",12.1899
05/10/2021,"1,21",12.1899
06/10/2021,"1,22",12.1899
08/10/2021,"1,17",12.1899
09/10/2021,"1,18",12.1899
11/10/2021,"1,15",12.1899
12/10/2021,"1,13",12.1899
01/11/2021,"1,21",12.1899
02/11/2021,"1,21",12.1899
03/11/2021,"1,20",12.1899
05/11/2021,"1,21",12.1899
06/11/2021,"1,21",12.1899
08/11/2021,"1,17",12.1899
10/11/2021,"1,16",12.1899
11/11/2021,"1,15",12.1899
01/12/2021,"1,22",12.1899
02/12/2021,"1,21",12.1899
03/12/2021,"1,20",12.1899
04/12/2021,"1,19",12.1899
05/12/2021,"1,21",12.1899
07/12/2021,"1,19",12.1899
08/12/2021,"1,17",12.1899
10/12/2021,"1,15",12.1899
11/12/2021,"1,15",12.1899
02/01/2022,"1,13",12.1899
03/01/2022,"1,11",12.1899
04/01/2022,"1,11",12.1899
06/01/2022,"1,06",12.1899
07/01/2022,"1,04",12.1899
08/01/2022,"1,03",12.1899
09/01/2022,"9,94",1.1900
11/01/2022,"9,87",12.1899
12/01/2022,"1,05",12.1899
02/02/2022,"1,13",12.1899
03/02/2022,"1,11",12.1899
05/02/2022,"1,05",12.1899
06/02/2022,"1,07",12.1899
08/02/2022,"1,02",12.1899
09/02/2022,"9,95",1.1900
11/02/2022,"9,82",12.1899
12/02/2022,"1,05",12.1899
01/03/2022,"1,13",12.1899
02/03/2022,"1,14",12.1899
03/03/2022,"1,11",12.1899
05/03/2022,"1,05",12.1899
06/03/2022,"1,07",12.1899
08/03/2022,"1,02",12.1899
10/03/2022,"9,82",1.1900
11/03/2022,"9,75",12.1899
01/04/2022,"1,13",12.1899
02/04/2022,"1,14",12.1899
03/04/2022,"1,09",12.1899
04/04/2022,"1,10",12.1899
05/04/2022,"1,06",12.1899
07/04/2022,"1,04",12.1899
08/04/2022,"1,02",12.1899
10/04/2022,"9,98",1.1900
11/04/2022,"9,96",12.1899
01/05/2022,"1,13",12.1899
04/05/2022,"1,09",12.1899
05/05/2022,"1,05",12.1899
07/05/2022,"1,03",12.1899
08/05/2022,"1,02",12.1899
09/05/2022,"9,93",1.1900
10/05/2022,"9,88",12.1899
12/05/2022,"1,05",12.1899
01/06/2022,"1,13",12.1899
04/06/2022,"1,09",12.1899
05/06/2022,"1,06",12.1899
06/06/2022,"1,07",12.1899
07/06/2022,"1,02",12.1899
09/06/2022,"9,90",1.1900
10/06/2022,"9,79",12.1899
12/06/2022,"1,05",12.1899
01/07/2022,"1,14",12.1899
02/07/2022,"1,14",12.1899
03/07/2022,"1,09",12.1899
04/07/2022,"1,09",12.1899
06/07/2022,"1,07",12.1899
07/07/2022,"1,02",12.1899
09/07/2022,"10,00",1.1900
10/07/2022,"9,74",12.1899
11/07/2022,"1,20",12.1899
12/07/2022,"1,05",12.1899
02/08/2022,"1,14",12.1899
03/08/2022,"1,09",12.1899
04/08/2022,"1,09",12.1899
06/08/2022,"1,07",12.1899
07/08/2022,"1,02",12.1899
08/08/2022,"1,02",12.1899
09/08/2022,"9,99",1.1900
11/08/2022,"1,20",12.1899
12/08/2022,"1,06",12.1899
02/09/2022,"1,14",12.1899
03/09/2022,"1,11",12.1899
05/09/2022,"1,06",12.1899
06/09/2022,"1,06",12.1899
08/09/2022,"1,02",12.1899
09/09/2022,"1,19",12.1899
11/09/2022,"1,20",12.1899
12/09/2022,"1,05",12.1899
01/10/2022,"1,13",12.1899
02/10/2022,"1,14",12.1899
03/10/2022,"1,10",12.1899
05/10/2022,"1,05",12.1899
06/10/2022,"1,05",12.1899
08/10/2022,"1,03",12.1899
10/10/2022,"9,70",1.1900
11/10/2022,"1,02",12.1899
01/11/2022,"1,14",12.1899
02/11/2022,"1,13",12.1899
03/11/2022,"1,09",12.1899
04/11/2022,"1,09",12.1899
05/11/2022,"1,05",12.1899
07/11/2022,"1,19",12.1899
08/11/2022,"1,03",12.1899
10/11/2022,"9,70",1.1900
11/11/2022,"1,04",12.1899
01/12/2022,"1,14",12.1899
04/12/2022,"1,08",12.1899
05/12/2022,"1,04",12.1899
07/12/2022,"1,19",12.1899
08/12/2022,"1,03",12.1899
09/12/2022,"1,01",12.1899
10/12/2022,"9,70",1.1900
12/12/2022,"1,05",12.1899
02/01/2023,"1,10",12.1899
03/01/2023,"1,07",12.1899
05/01/2023,"1,10",12.1899
06/01/2023,"1,08",12.1899
08/01/2023,"1,10",12.1899
09/01/2023,"1,08",12.1899
11/01/2023,"1,06",12.1899
12/01/2023,"1,09",12.1899
01/02/2023,"1,07",12.1899
02/02/2023,"1,09",12.1899
03/02/2023,"1,06",12.1899
05/02/2023,"1,10",12.1899
06/02/2023,"1,07",12.1899
08/02/2023,"1,09",12.1899
10/02/2023,"1,05",12.1899
11/02/2023,"1,06",12.1899
01/03/2023,"1,05",12.1899
02/03/2023,"1,08",12.1899
03/03/2023,"1,06",12.1899
04/03/2023,"1,09",12.1899
05/03/2023,"1,11",12.1899
07/03/2023,"1,09",12.1899
08/03/2023,"1,09",12.1899
10/03/2023,"1,05",12.1899
11/03/2023,"1,07",12.1899
01/04/2023,"1,06",12.1899
04/04/2023,"1,10",12.1899
05/04/2023,"1,10",12.1899
07/04/2023,"1,09",12.1899
08/04/2023,"1,10",12.1899
09/04/2023,"1,08",12.1899
10/04/2023,"1,05",12.1899
12/04/2023,"1,08",12.1899
01/05/2023,"1,05",12.1899
04/05/2023,"1,09",12.1899
05/05/2023,"1,10",12.1899
06/05/2023,"1,07",12.1899
07/05/2023,"1,09",12.1899
09/05/2023,"1,07",12.1899
10/05/2023,"1,05",12.1899
12/05/2023,"1,08",12.1899
01/06/2023,"1,06",12.1899
02/06/2023,"1,07",12.1899
03/06/2023,"1,07",12.1899
04/06/2023,"1,09",12.1899
06/06/2023,"1,07",12.1899
07/06/2023,"1,09",12.1899
09/06/2023,"1,07",12.1899
10/06/2023,"1,06",12.1899
11/06/2023,"1,07",12.1899
12/06/2023,"1,08",12.1899
02/07/2023,"1,07",12.1899
03/07/2023,"1,05",12.1899
04/07/2023,"1,09",12.1899
06/07/2023,"1,07",12.1899
07/07/2023,"1,10",12.1899
08/07/2023,"1,10",12.1899
09/07/2023,"1,07",12.1899
11/07/2023,"1,07",12.1899
12/07/2023,"1,08",12.1899
02/08/2023,"1,07",12.1899
03/08/2023,"1,05",12.1899
05/08/2023,"1,10",12.1899
06/08/2023,"1,08",12.1899
08/08/2023,"1,10",12.1899
09/08/2023,"1,07",12.1899
11/08/2023,"1,07",12.1899
12/08/2023,"1,08",12.1899
01/09/2023,"1,07",12.1899
02/09/2023,"1,07",12.1899
03/09/2023,"1,06",12.1899
05/09/2023,"1,10",12.1899
06/09/2023,"1,07",12.1899
08/09/2023,"1,10",12.1899
10/09/2023,"1,06",12.1899
11/09/2023,"1,07",12.1899
01/10/2023,"1,07",12.1899
02/10/2023,"1,07",12.1899
03/10/2023,"1,06",12.1899
04/10/2023,"1,09",12.1899
05/10/2023,"1,10",12.1899
07/10/2023,"1,10",12.1899
08/10/2023,"1,10",12.1899
10/10/2023,"1,06",12.1899
11/10/2023,"1,07",12.1899
01/11/2023,"1,08",12.1899
04/11/2023,"1,09",12.1899
05/11/2023,"1,09",12.1899
07/11/2023,"1,10",12.1899
08/11/2023,"1,09",12.1899
09/11/2023,"1,07",12.1899
10/11/2023,"1,06",12.1899
12/11/2023,"1,08",12.1899
01/12/2023,"1,08",12.1899
04/12/2023,"1,10",12.1899
05/12/2023,"1,08",12.1899
06/12/2023,"1,08",12.1899
07/12/2023,"1,11",12.1899
09/12/2023,"1,08",12.1899
10/12/2023,"1,05",12.1899
12/12/2023,"1,08",12.1899
01/01/2024,"1,10",12.1899
02/01/2024,"1,09",12.1899
03/01/2024,"1,08",12.1899
04/01/2024,"1,07",12.1899
05/01/2024,"1,07",12.1899
07/01/2024,"1,07",12.1899
08/01/2024,"1,08",12.1899
10/01/2024,"1,11",12.1899
11/01/2024,"1,08",12.1899
01/02/2024,"1,09",12.1899
02/02/2024,"1,08",12.1899
04/02/2024,"1,08",12.1899
05/02/2024,"1,07",12.1899
07/02/2024,"1,07",12.1899
08/02/2024,"1,09",12.1899
09/02/2024,"1,11",12.1899
10/02/2024,"1,10",12.1899
12/02/2024,"1,05",12.1899
01/03/2024,"1,09",12.1899
04/03/2024,"1,08",12.1899
05/03/2024,"1,08",12.1899
06/03/2024,"1,09",12.1899
07/03/2024,"1,08",12.1899
09/03/2024,"1,10",12.1899
10/03/2024,"1,10",12.1899
12/03/2024,"1,05",12.1899
01/04/2024,"1,09",12.1899
03/04/2024,"1,09",12.1899
04/04/2024,"1,08",12.1899
06/04/2024,"1,09",12.1899
07/04/2024,"1,08",12.1899
09/04/2024,"1,11",12.1899
10/04/2024,"1,10",12.1899
11/04/2024,"1,09",12.1899
12/04/2024,"1,05",12.1899
01/05/2024,"1,09",12.1899
02/05/2024,"1,07",12.1899
03/05/2024,"1,09",12.1899
04/05/2024,"1,08",12.1899
06/05/2024,"1,09",12.1899
07/05/2024,"1,08",12.1899
08/05/2024,"1,10",12.1899
09/05/2024,"1,11",12.1899
11/05/2024,"1,09",12.1899
12/05/2024,"1,06",12.1899
02/06/2024,"1,08",12.1899
03/06/2024,"1,09",12.1899
05/06/2024,"1,08",12.1899
06/06/2024,"1,09",12.1899
08/06/2024,"1,09",12.1899
09/06/2024,"1,11",12.1899
11/06/2024,"1,07",12.1899
12/06/2024,"1,06",12.1899
02/07/2024,"1,08",12.1899
03/07/2024,"1,09",12.1899
05/07/2024,"1,08",12.1899
06/07/2024,"1,08",12.1899
08/07/2024,"1,09",12.1899
10/07/2024,"1,10",12.1899
11/07/2024,"1,08",12.1899
01/08/2024,"1,09",12.1899
02/08/2024,"1,08",12.1899
03/08/2024,"1,09",12.1899
04/08/2024,"1,09",12.1899
05/08/2024,"1,07",12.1899
07/08/2024,"1,08",12.1899
08/08/2024,"1,09",12.1899
10/08/2024,"1,10",12.1899
11/08/2024,"1,07",12.1899
01/09/2024,"1,09",12.1899
02/09/2024,"1,08",12.1899
04/09/2024,"1,09",12.1899
05/09/2024,"1,08",12.1899
07/09/2024,"1,08",12.1899
08/09/2024,"1,09",12.1899
09/09/2024,"1,10",12.1899
10/09/2024,"1,09",12.1899
12/09/2024,"1,06",12.1899
01/10/2024,"1,10",12.1899
04/10/2024,"1,07",12.1899
05/10/2024,"1,08",12.1899
06/10/2024,"1,08",12.1899
07/10/2024,"1,08",12.1899
09/10/2024,"1,10",12.1899
10/10/2024,"1,09",12.1899
12/10/2024,"1,05",12.1899
01/11/2024,"1,10",12.1899
03/11/2024,"1,09",12.1899
04/11/2024,"1,07",12.1899
06/11/2024,"1,07",12.1899
07/11/2024,"1,09",12.1899
09/11/2024,"1,10",12.1899
10/11/2024,"1,09",12.1899
11/11/2024,"1,07",12.1899
12/11/2024,"1,05",12.1899
01/12/2024,"1,09",12.1899
02/12/2024,"1,08",12.1899
03/12/2024,"1,09",12.1899
04/12/2024,"1,06",12.1899
06/12/2024,"1,08",12.1899
07/12/2024,"1,09",12.1899
08/12/2024,"1,09",12.1899
09/12/2024,"1,11",12.1899
11/12/2024,"1,06",12.1899
12/12/2024,"1,05",12.1899
01/01/2025,"1,04",12.1899
04/01/2025,"1,08",12.1899
05/01/2025,"1,13",12.1899
07/01/2025,"1,18",12.1899
08/01/2025,"1,16",12.1899
09/01/2025,"1,17",12.1899
10/01/2025,"1,17",12.1899
12/01/2025,"1,16",12.1899
01/02/2025,"1,03",12.1899
04/02/2025,"1,09",12.1899
05/02/2025,"1,13",12.1899
06/02/2025,"1,14",12.1899
07/02/2025,"1,18",12.1899
09/02/2025,"1,16",12.1899
10/02/2025,"1,17",12.1899
12/02/2025,"1,16",12.1899
01/03/2025,"1,03",12.1899
02/03/2025,"1,03",12.1899
03/03/2025,"1,05",12.1899
04/03/2025,"1,11",12.1899
06/03/2025,"1,14",12.1899
07/03/2025,"1,18",12.1899
09/03/2025,"1,17",12.1899
10/03/2025,"1,17",12.1899
11/03/2025,"1,15",12.1899
12/03/2025,"1,17",12.1899
02/04/2025,"1,04",12.1899
03/04/2025,"1,06",12.1899
04/04/2025,"1,10",12.1899
06/04/2025,"1,14",12.1899
07/04/2025,"1,18",12.1899
08/04/2025,"1,16",12.1899
09/04/2025,"1,17",12.1899
11/04/2025,"1,15",12.1899
12/04/2025,"1,16",12.1899
02/05/2025,"1,04",12.1899
03/05/2025,"1,08",12.1899
05/05/2025,"1,13",12.1899
06/05/2025,"1,14",12.1899
08/05/2025,"1,16",12.1899
09/05/2025,"1,17",12.1899
11/05/2025,"1,15",12.1899
12/05/2025,"1,16",12.1899
01/06/2025,"1,04",12.1899
02/06/2025,"1,04",12.1899
03/06/2025,"1,08",12.1899
05/06/2025,"1,14",12.1899
06/06/2025,"1,14",12.1899
08/06/2025,"1,17",12.1899
10/06/2025,"1,17",12.1899
11/06/2025,"1,15",12.1899
01/07/2025,"1,03",12.1899
02/07/2025,"1,03",12.1899
03/07/2025,"1,08",12.1899
04/07/2025,"1,09",12.1899
05/07/2025,"1,13",12.1899
07/07/2025,"1,17",12.1899
08/07/2025,"1,17",12.1899
10/07/2025,"1,17",12.1899
11/07/2025,"1,16",12.1899
01/08/2025,"1,03",12.1899
04/08/2025,"1,10",12.1899
05/08/2025,"1,12",12.1899
07/08/2025,"1,17",12.1899
08/08/2025,"1,16",12.1899
09/08/2025,"1,18",12.1899
10/08/2025,"1,16",12.1899
12/08/2025,"1,16",12.1899
01/09/2025,"1,03",12.1899
04/09/2025,"1,10",12.1899
05/09/2025,"1,12",12.1899
06/09/2025,"1,14",12.1899
07/09/2025,"1,17",12.1899
09/09/2025,"1,17",12.1899
10/09/2025,"1,16",12.1899
12/09/2025,"1,16",12.1899
01/10/2025,"1,02",12.1899
02/10/2025,"1,03",12.1899
03/10/2025,"1,08",12.1899
04/10/2025,"1,12",12.1899
06/10/2025,"1,14",12.1899
07/10/2025,"1,17",12.1899
09/10/2025,"1,17",12.1899
10/10/2025,"1,16",12.1899
11/10/2025,"1,16",12.1899
12/10/2025,"1,17",12.1899
02/11/2025,"1,04",12.1899
03/11/2025,"1,09",12.1899
04/11/2025,"1,14",12.1899
06/11/2025,"1,15",12.1899
07/11/2025,"1,17",12.1899
08/11/2025,"1,16",12.1899
09/11/2025,"1,17",12.1899
11/11/2025,"1,16",12.1899
12/11/2025,"1,17",12.1899
02/12/2025,"1,04",12.1899
03/12/2025,"1,09",12.1899
05/12/2025,"1,11",12.1899
06/12/2025,"1,16",12.1899
08/12/2025,"1,17",12.1899
09/12/2025,"1,17",12.1899
11/12/2025,"1,16",12.1899
12/12/2025,"1,17",12.1899
01/01/2026,"1,17",12.1899
01/13/2020,"1,11",12.1899
01/13/2021,"1,22",12.1899
01/13/2022,"1,15",12.1899
01/13/2023,"1,08",12.1899
01/13/2025,"1,02",12.1899
01/14/2020,"1,11",12.1899
01/14/2021,"1,22",12.1899
01/14/2022,"1,14",12.1899
01/14/2025,"1,03",12.1899
01/15/2020,"1,11",12.1899
01/15/2021,"1,21",12.1899
01/15/2024,"1,09",12.1899
01/15/2025,"1,03",12.1899
01/16/2020,"1,11",12.1899
01/16/2023,"1,08",12.1899
01/16/2024,"1,09",12.1899
01/16/2025,"1,03",12.1899
01/17/2020,"1,11",12.1899
01/17/2022,"1,14",12.1899
01/17/2023,"1,08",12.1899
01/17/2024,"1,09",12.1899
01/17/2025,"1,03",12.1899
01/18/2021,"1,21",12.1899
01/18/2022,"1,13",12.1899
01/18/2023,"1,08",12.1899
01/18/2024,"1,09",12.1899
01/19/2021,"1,21",12.1899
01/19/2022,"1,13",12.1899
01/19/2023,"1,08",12.1899
01/19/2024,"1,09",12.1899
01/20/2020,"1,11",12.1899
01/20/2021,"1,21",12.1899
01/20/2022,"1,13",12.1899
01/20/2023,"1,09",12.1899
01/20/2025,"1,04",12.1899
01/21/2020,"1,11",12.1899
01/21/2021,"1,22",12.1899
01/21/2022,"1,13",12.1899
01/21/2025,"1,04",12.1899
01/22/2020,"1,11",12.1899
01/22/2021,"1,22",12.1899
01/22/2024,"1,09",12.1899
01/22/2025,"1,04",12.1899
01/23/2020,"1,11",12.1899
01/23/2023,"1,09",12.1899
01/23/2024,"1,09",12.1899
01/23/2025,"1,04",12.1899
01/24/2020,"1,10",12.1899
01/24/2022,"1,13",12.1899
01/24/2023,"1,09",12.1899
01/24/2024,"1,09",12.1899
01/24/2025,"1,05",12.1899
01/25/2021,"1,21",12.1899
01/25/2022,"1,13",12.1899
01/25/2023,"1,09",12.1899
01/25/2024,"1,08",12.1899
01/26/2021,"1,22",12.1899
01/26/2022,"1,12",12.1899
01/26/2023,"1,09",12.1899
01/26/2024,"1,09",12.1899
01/27/2020,"1,10",12.1899
01/27/2021,"1,21",12.1899
01/27/2022,"1,11",12.1899
01/27/2023,"1,09",12.1899
01/27/2025,"1,05",12.1899
01/28/2020,"1,10",12.1899
01/28/2021,"1,21",12.1899
01/28/2022,"1,11",12.1899
01/28/2025,"1,04",12.1899
01/29/2020,"1,10",12.1899
01/29/2021,"1,21",12.1899
01/29/2024,"1,08",12.1899
01/29/2025,"1,04",12.1899
01/30/2020,"1,10",12.1899
01/30/2023,"1,08",12.1899
01/30/2024,"1,08",12.1899
01/30/2025,"1,04",12.1899
01/31/2020,"1,11",12.1899
01/31/2022,"1,12",12.1899
01/31/2023,"1,09",12.1899
01/31/2024,"1,08",12.1899
01/31/2025,"1,04",12.1899
02/13/2020,"1,08",12.1899
02/13/2023,"1,07",12.1899
02/13/2024,"1,07",12.1899
02/13/2025,"1,05",12.1899
02/14/2020,"1,08",12.1899
02/14/2022,"1,13",12.1899
02/14/2023,"1,07",12.1899
02/14/2024,"1,07",12.1899
02/14/2025,"1,05",12.1899
02/15/2021,"1,21",12.1899
02/15/2022,"1,14",12.1899
02/15/2023,"1,07",12.1899
02/15/2024,"1,08",12.1899
02/16/2021,"1,21",12.1899
02/16/2022,"1,14",12.1899
02/16/2023,"1,07",12.1899
02/16/2024,"1,08",12.1899
02/17/2020,"1,08",12.1899
02/17/2021,"1,20",12.1899
02/17/2022,"1,14",12.1899
02/17/2023,"1,07",12.1899
02/17/2025,"1,05",12.1899
02/18/2020,"1,08",12.1899
02/18/2021,"1,21",12.1899
02/18/2022,"1,13",12.1899
02/18/2025,"1,04",12.1899
02/19/2020,"1,08",12.1899
02/19/2021,"1,21",12.1899
02/19/2024,"1,08",12.1899
02/19/2025,"1,04",12.1899
02/20/2020,"1,08",12.1899
02/20/2023,"1,07",12.1899
02/20/2024,"1,08",12.1899
02/20/2025,"1,05",12.1899
02/21/2020,"1,08",12.1899
02/21/2022,"1,13",12.1899
02/21/2023,"1,06",12.1899
02/21/2024,"1,08",12.1899
02/21/2025,"1,05",12.1899
02/22/2021,"1,22",12.1899
02/22/2022,"1,13",12.1899
02/22/2023,"1,06",12.1899
02/22/2024,"1,08",12.1899
02/23/2021,"1,21",12.1899
02/23/2022,"1,13",12.1899
02/23/2023,"1,06",12.1899
02/23/2024,"1,08",12.1899
02/24/2020,"1,09",12.1899
02/24/2021,"1,22",12.1899
02/24/2022,"1,12",12.1899
02/24/2023,"1,05",12.1899
02/24/2025,"1,05",12.1899
02/25/2020,"1,09",12.1899
02/25/2021,"1,22",12.1899
02/25/2022,"1,13",12.1899
02/25/2025,"1,05",12.1899
02/26/2020,"1,09",12.1899
02/26/2021,"1,21",12.1899
02/26/2024,"1,08",12.1899
02/26/2025,"1,05",12.1899
02/27/2020,"1,10",12.1899
02/27/2023,"1,06",12.1899
02/27/2024,"1,08",12.1899
02/27/2025,"1,04",12.1899
02/28/2020,"1,10",12.1899
02/28/2022,"1,12",12.1899
02/28/2023,"1,06",12.1899
02/28/2024,"1,08",12.1899
02/28/2025,"1,04",12.1899
02/29/2024,"1,08",12.1899
03/13/2020,"1,11",12.1899
03/13/2023,"1,07",12.1899
03/13/2024,"1,09",12.1899
03/13/2025,"1,09",12.1899
03/14/2022,"1,09",12.1899
03/14/2023,"1,07",12.1899
03/14/2024,"1,09",12.1899
03/14/2025,"1,09",12.1899
03/15/2021,"1,19",12.1899
03/15/2022,"1,10",12.1899
03/15/2023,"1,06",12.1899
03/15/2024,"1,09",12.1899
03/16/2020,"1,12",12.1899
03/16/2021,"1,19",12.1899
03/16/2022,"1,10",12.1899
03/16/2023,"1,06",12.1899
03/17/2020,"1,10",12.1899
03/17/2021,"1,20",12.1899
03/17/2022,"1,11",12.1899
03/17/2023,"1,07",12.1899
03/17/2025,"1,09",12.1899
03/18/2020,"1,09",12.1899
03/18/2021,"1,19",12.1899
03/18/2022,"1,11",12.1899
03/18/2024,"1,09",12.1899
03/18/2025,"1,09",12.1899
03/19/2020,"1,07",12.1899
03/19/2021,"1,19",12.1899
03/19/2024,"1,09",12.1899
03/19/2025,"1,09",12.1899
03/20/2020,"1,07",12.1899
03/20/2023,"1,07",12.1899
03/20/2024,"1,09",12.1899
03/20/2025,"1,09",12.1899
03/21/2022,"1,10",12.1899
03/21/2023,"1,08",12.1899
03/21/2024,"1,09",12.1899
03/21/2025,"1,08",12.1899
03/22/2021,"1,19",12.1899
03/22/2022,"1,10",12.1899
03/22/2023,"1,09",12.1899
03/22/2024,"1,08",12.1899
03/23/2020,"1,07",12.1899
03/23/2021,"1,18",12.1899
03/23/2022,"1,10",12.1899
03/23/2023,"1,08",12.1899
03/24/2020,"1,08",12.1899
03/24/2021,"1,18",12.1899
03/24/2022,"1,10",12.1899
03/24/2023,"1,08",12.1899
03/24/2025,"1,08",12.1899
03/25/2020,"1,09",12.1899
03/25/2021,"1,18",12.1899
03/25/2022,"1,10",12.1899
03/25/2024,"1,08",12.1899
03/25/2025,"1,08",12.1899
03/26/2020,"1,10",12.1899
03/26/2021,"1,18",12.1899
03/26/2024,"1,08",12.1899
03/26/2025,"1,08",12.1899
03/27/2020,"1,11",12.1899
03/27/2023,"1,08",12.1899
03/27/2024,"1,08",12.1899
03/27/2025,"1,08",12.1899
03/28/2022,"1,10",12.1899
03/28/2023,"1,08",12.1899
03/28/2024,"1,08",12.1899
03/28/2025,"1,08",12.1899
03/29/2021,"1,18",12.1899
03/29/2022,"1,11",12.1899
03/29/2023,"1,08",12.1899
03/29/2024,"1,08",12.1899
03/30/2020,"1,10",12.1899
03/30/2021,"1,17",12.1899
03/30/2022,"1,12",12.1899
03/30/2023,"1,09",12.1899
03/31/2020,"1,10",12.1899
03/31/2021,"1,17",12.1899
03/31/2022,"1,11",12.1899
03/31/2023,"1,08",12.1899
03/31/2025,"1,08",12.1899
04/13/2020,"1,09",12.1899
04/13/2021,"1,19",12.1899
04/13/2022,"1,09",12.1899
04/13/2023,"1,10",12.1899
04/14/2020,"1,10",12.1899
04/14/2021,"1,20",12.1899
04/14/2022,"1,08",12.1899
04/14/2023,"1,10",12.1899
04/14/2025,"1,13",12.1899
04/15/2020,"1,09",12.1899
04/15/2021,"1,20",12.1899
04/15/2022,"1,08",12.1899
04/15/2024,"1,06",12.1899
04/15/2025,"1,13",12.1899
04/16/2020,"1,08",12.1899
04/16/2021,"1,20",12.1899
04/16/2024,"1,06",12.1899
04/16/2025,"1,14",12.1899
04/17/2020,"1,09",12.1899
04/17/2023,"1,09",12.1899
04/17/2024,"1,07",12.1899
04/17/2025,"1,14",12.1899
04/18/2022,"1,08",12.1899
04/18/2023,"1,10",12.1899
04/18/2024,"1,06",12.1899
04/18/2025,"1,14",12.1899
04/19/2021,"1,20",12.1899
04/19/2022,"1,08",12.1899
04/19/2023,"1,10",12.1899
04/19/2024,"1,07",12.1899
04/20/2020,"1,09",12.1899
04/20/2021,"1,20",12.1899
04/20/2022,"1,09",12.1899
04/20/2023,"1,10",12.1899
04/21/2020,"1,09",12.1899
04/21/2021,"1,20",12.1899
04/21/2022,"1,08",12.1899
04/21/2023,"1,10",12.1899
04/21/2025,"1,15",12.1899
04/22/2020,"1,08",12.1899
04/22/2021,"1,20",12.1899
04/22/2022,"1,08",12.1899
04/22/2024,"1,07",12.1899
04/22/2025,"1,14",12.1899
04/23/2020,"1,08",12.1899
04/23/2021,"1,21",12.1899
04/23/2024,"1,07",12.1899
04/23/2025,"1,13",12.1899
04/24/2020,"1,08",12.1899
04/24/2023,"1,10",12.1899
04/24/2024,"1,07",12.1899
04/24/2025,"1,14",12.1899
04/25/2022,"1,07",12.1899
04/25/2023,"1,10",12.1899
04/25/2024,"1,07",12.1899
04/25/2025,"1,14",12.1899
04/26/2021,"1,21",12.1899
04/26/2022,"1,06",12.1899
04/26/2023,"1,10",12.1899
04/26/2024,"1,07",12.1899
04/27/2020,"1,08",12.1899
04/27/2021,"1,21",12.1899
04/27/2022,"1,06",12.1899
04/27/2023,"1,10",12.1899
04/28/2020,"1,08",12.1899
04/28/2021,"1,21",12.1899
04/28/2022,"1,05",12.1899
04/28/2023,"1,10",12.1899
04/28/2025,"1,14",12.1899
04/29/2020,"1,09",12.1899
04/29/2021,"1,21",12.1899
04/29/2022,"1,05",12.1899
04/29/2024,"1,07",12.1899
04/29/2025,"1,14",12.1899
04/30/2020,"1,10",12.1899
04/30/2021,"1,20",12.1899
04/30/2024,"1,07",12.1899
04/30/2025,"1,13",12.1899
05/13/2020,"1,08",12.1899
05/13/2021,"1,21",12.1899
05/13/2022,"1,04",12.1899
05/13/2024,"1,08",12.1899
05/13/2025,"1,12",12.1899
05/14/2020,"1,08",12.1899
05/14/2021,"1,21",12.1899
05/14/2024,"1,08",12.1899
05/14/2025,"1,12",12.1899
05/15/2020,"1,08",12.1899
05/15/2023,"1,09",12.1899
05/15/2024,"1,09",12.1899
05/15/2025,"1,12",12.1899
05/16/2022,"1,04",12.1899
05/16/2023,"1,09",12.1899
05/16/2024,"1,09",12.1899
05/16/2025,"1,12",12.1899
05/17/2021,"1,22",12.1899
05/17/2022,"1,05",12.1899
05/17/2023,"1,08",12.1899
05/17/2024,"1,09",12.1899
05/18/2020,"1,09",12.1899
05/18/2021,"1,22",12.1899
05/18/2022,"1,05",12.1899
05/18/2023,"1,08",12.1899
05/19/2020,"1,09",12.1899
05/19/2021,"1,22",12.1899
05/19/2022,"1,06",12.1899
05/19/2023,"1,08",12.1899
05/19/2025,"1,12",12.1899
05/20/2020,"1,10",12.1899
05/20/2021,"1,22",12.1899
05/20/2022,"1,06",12.1899
05/20/2024,"1,09",12.1899
05/20/2025,"1,13",12.1899
05/21/2020,"1,09",12.1899
05/21/2021,"1,22",12.1899
05/21/2024,"1,09",12.1899
05/21/2025,"1,13",12.1899
05/22/2020,"1,09",12.1899
05/22/2023,"1,08",12.1899
05/22/2024,"1,08",12.1899
05/22/2025,"1,13",12.1899
05/23/2022,"1,07",12.1899
05/23/2023,"1,08",12.1899
05/23/2024,"1,08",12.1899
05/23/2025,"1,14",12.1899
05/24/2021,"1,22",12.1899
05/24/2022,"1,07",12.1899
05/24/2023,"1,07",12.1899
05/24/2024,"1,08",12.1899
05/25/2020,"1,09",12.1899
05/25/2021,"1,23",12.1899
05/25/2022,"1,07",12.1899
05/25/2023,"1,07",12.1899
05/26/2020,"1,10",12.1899
05/26/2021,"1,22",12.1899
05/26/2022,"1,07",12.1899
05/26/2023,"1,07",12.1899
05/26/2025,"1,14",12.1899
05/27/2020,"1,10",12.1899
05/27/2021,"1,22",12.1899
05/27/2022,"1,07",12.1899
05/27/2024,"1,09",12.1899
05/27/2025,"1,13",12.1899
05/28/2020,"1,11",12.1899
05/28/2021,"1,22",12.1899
05/28/2024,"1,09",12.1899
05/28/2025,"1,13",12.1899
05/29/2020,"1,11",12.1899
05/29/2023,"1,07",12.1899
05/29/2024,"1,08",12.1899
05/29/2025,"1,14",12.1899
05/30/2022,"1,08",12.1899
05/30/2023,"1,07",12.1899
05/30/2024,"1,08",12.1899
05/30/2025,"1,13",12.1899
05/31/2021,"1,22",12.1899
05/31/2022,"1,07",12.1899
05/31/2023,"1,07",12.1899
05/31/2024,"1,08",12.1899
06/13/2022,"1,04",12.1899
06/13/2023,"1,08",12.1899
06/13/2024,"1,07",12.1899
06/13/2025,"1,16",12.1899
06/14/2021,"1,21",12.1899
06/14/2022,"1,04",12.1899
06/14/2023,"1,08",12.1899
06/14/2024,"1,07",12.1899
06/15/2020,"1,13",12.1899
06/15/2021,"1,21",12.1899
06/15/2022,"1,04",12.1899
06/15/2023,"1,09",12.1899
06/16/2020,"1,13",12.1899
06/16/2021,"1,20",12.1899
06/16/2022,"1,05",12.1899
06/16/2023,"1,09",12.1899
06/16/2025,"1,16",12.1899
06/17/2020,"1,12",12.1899
06/17/2021,"1,19",12.1899
06/17/2022,"1,05",12.1899
06/17/2024,"1,07",12.1899
06/17/2025,"1,15",12.1899
06/18/2020,"1,12",12.1899
06/18/2021,"1,19",12.1899
06/18/2024,"1,07",12.1899
06/18/2025,"1,15",12.1899
06/19/2020,"1,12",12.1899
06/19/2023,"1,09",12.1899
06/19/2024,"1,07",12.1899
06/19/2025,"1,15",12.1899
06/20/2022,"1,05",12.1899
06/20/2023,"1,09",12.1899
06/20/2024,"1,07",12.1899
06/20/2025,"1,15",12.1899
06/21/2021,"1,19",12.1899
06/21/2022,"1,05",12.1899
06/21/2023,"1,10",12.1899
06/21/2024,"1,07",12.1899
06/22/2020,"1,13",12.1899
06/22/2021,"1,19",12.1899
06/22/2022,"1,06",12.1899
06/22/2023,"1,10",12.1899
06/23/2020,"1,13",12.1899
06/23/2021,"1,19",12.1899
06/23/2022,"1,05",12.1899
06/23/2023,"1,09",12.1899
06/23/2025,"1,16",12.1899
06/24/2020,"1,13",12.1899
06/24/2021,"1,19",12.1899
06/24/2022,"1,06",12.1899
06/24/2024,"1,07",12.1899
06/24/2025,"1,16",12.1899
06/25/2020,"1,12",12.1899
06/25/2021,"1,19",12.1899
06/25/2024,"1,07",12.1899
06/25/2025,"1,17",12.1899
06/26/2020,"1,12",12.1899
06/26/2023,"1,09",12.1899
06/26/2024,"1,07",12.1899
06/26/2025,"1,17",12.1899
06/27/2022,"1,06",12.1899
06/27/2023,"1,10",12.1899
06/27/2024,"1,07",12.1899
06/27/2025,"1,17",12.1899
06/28/2021,"1,19",12.1899
06/28/2022,"1,05",12.1899
06/28/2023,"1,09",12.1899
06/28/2024,"1,07",12.1899
06/29/2020,"1,12",12.1899
06/29/2021,"1,19",12.1899
06/29/2022,"1,04",12.1899
06/29/2023,"1,09",12.1899
06/30/2020,"1,12",12.1899
06/30/2021,"1,19",12.1899
06/30/2022,"1,05",12.1899
06/30/2023,"1,09",12.1899
06/30/2025,"1,18",12.1899
07/13/2020,"1,13",12.1899
07/13/2021,"1,18",12.1899
07/13/2022,"1,20",12.1899
07/13/2023,"1,12",12.1899
07/14/2020,"1,14",12.1899
07/14/2021,"1,18",12.1899
07/14/2022,"1,20",12.1899
07/14/2023,"1,12",12.1899
07/14/2025,"1,17",12.1899
07/15/2020,"1,14",12.1899
07/15/2021,"1,18",12.1899
07/15/2022,"1,20",12.1899
07/15/2024,"1,09",12.1899
07/15/2025,"1,16",12.1899
07/16/2020,"1,14",12.1899
07/16/2021,"1,18",12.1899
07/16/2024,"1,09",12.1899
07/16/2025,"1,16",12.1899
07/17/2020,"1,14",12.1899
07/17/2023,"1,12",12.1899
07/17/2024,"1,09",12.1899
07/17/2025,"1,16",12.1899
07/18/2022,"1,01",12.1899
07/18/2023,"1,12",12.1899
07/18/2024,"1,09",12.1899
07/18/2025,"1,16",12.1899
07/19/2021,"1,18",12.1899
07/19/2022,"1,02",12.1899
07/19/2023,"1,12",12.1899
07/19/2024,"1,09",12.1899
07/20/2020,"1,14",12.1899
07/20/2021,"1,18",12.1899
07/20/2022,"1,02",12.1899
07/20/2023,"1,11",12.1899
07/21/2020,"1,15",12.1899
07/21/2021,"1,18",12.1899
07/21/2022,"1,02",12.1899
07/21/2023,"1,11",12.1899
07/21/2025,"1,17",12.1899
07/22/2020,"1,16",12.1899
07/22/2021,"1,18",12.1899
07/22/2022,"1,02",12.1899
07/22/2024,"1,09",12.1899
07/22/2025,"1,18",12.1899
07/23/2020,"1,16",12.1899
07/23/2021,"1,18",12.1899
07/23/2024,"1,09",12.1899
07/23/2025,"1,18",12.1899
07/24/2020,"1,17",12.1899
07/24/2023,"1,11",12.1899
07/24/2024,"1,08",12.1899
07/24/2025,"1,18",12.1899
07/25/2022,"1,02",12.1899
07/25/2023,"1,11",12.1899
07/25/2024,"1,08",12.1899
07/25/2025,"1,17",12.1899
07/26/2021,"1,18",12.1899
07/26/2022,"1,01",12.1899
07/26/2023,"1,11",12.1899
07/26/2024,"1,09",12.1899
07/27/2020,"1,18",12.1899
07/27/2021,"1,18",12.1899
07/27/2022,"1,02",12.1899
07/27/2023,"1,10",12.1899
07/28/2020,"1,17",12.1899
07/28/2021,"1,18",12.1899
07/28/2022,"1,02",12.1899
07/28/2023,"1,10",12.1899
07/28/2025,"1,16",12.1899
07/29/2020,"1,18",12.1899
07/29/2021,"1,19",12.1899
07/29/2022,"1,02",12.1899
07/29/2024,"1,08",12.1899
07/29/2025,"1,15",12.1899
07/30/2020,"1,18",12.1899
07/30/2021,"1,19",12.1899
07/30/2024,"1,08",12.1899
07/30/2025,"1,14",12.1899
07/31/2020,"1,18",12.1899
07/31/2023,"1,10",12.1899
07/31/2024,"1,08",12.1899
07/31/2025,"1,14",12.1899
08/13/2020,"1,18",12.1899
08/13/2021,"1,18",12.1899
08/13/2024,"1,10",12.1899
08/13/2025,"1,17",12.1899
08/14/2020,"1,18",12.1899
08/14/2023,"1,09",12.1899
08/14/2024,"1,10",12.1899
08/14/2025,"1,16",12.1899
08/15/2022,"1,02",12.1899
08/15/2023,"1,09",12.1899
08/15/2024,"1,10",12.1899
08/15/2025,"1,17",12.1899
08/16/2021,"1,18",12.1899
08/16/2022,"1,02",12.1899
08/16/2023,"1,09",12.1899
08/16/2024,"1,10",12.1899
08/17/2020,"1,19",12.1899
08/17/2021,"1,17",12.1899
08/17/2022,"1,02",12.1899
08/17/2023,"1,09",12.1899
08/18/2020,"1,19",12.1899
08/18/2021,"1,17",12.1899
08/18/2022,"1,20",12.1899
08/18/2023,"1,09",12.1899
08/18/2025,"1,17",12.1899
08/19/2020,"1,18",12.1899
08/19/2021,"1,17",12.1899
08/19/2022,"1,19",12.1899
08/19/2024,"1,11",12.1899
08/19/2025,"1,16",12.1899
08/20/2020,"1,19",12.1899
08/20/2021,"1,17",12.1899
08/20/2024,"1,11",12.1899
08/20/2025,"1,17",12.1899
08/21/2020,"1,18",12.1899
08/21/2023,"1,09",12.1899
08/21/2024,"1,12",12.1899
08/21/2025,"1,16",12.1899
08/22/2022,"9,94",1.1900
08/22/2023,"1,08",12.1899
08/22/2024,"1,11",12.1899
08/22/2025,"1,17",12.1899
08/23/2021,"1,17",12.1899
08/23/2022,"9,97",1.1900
08/23/2023,"1,09",12.1899
08/23/2024,"1,12",12.1899
08/24/2020,"1,18",12.1899
08/24/2021,"1,18",12.1899
08/24/2022,"9,97",1.1900
08/24/2023,"1,08",12.1899
08/25/2020,"1,18",12.1899
08/25/2021,"1,18",12.1899
08/25/2022,"9,97",1.1900
08/25/2023,"1,08",12.1899
08/25/2025,"1,16",12.1899
08/26/2020,"1,18",12.1899
08/26/2021,"1,18",12.1899
08/26/2022,"9,96",1.1900
08/26/2024,"1,12",12.1899
08/26/2025,"1,16",12.1899
08/27/2020,"1,18",12.1899
08/27/2021,"1,18",12.1899
08/27/2024,"1,12",12.1899
08/27/2025,"1,16",12.1899
08/28/2020,"1,19",12.1899
08/28/2023,"1,08",12.1899
08/28/2024,"1,11",12.1899
08/28/2025,"1,17",12.1899
08/29/2022,"10,00",1.1900
08/29/2023,"1,09",12.1899
08/29/2024,"1,11",12.1899
08/29/2025,"1,17",12.1899
08/30/2021,"1,18",12.1899
08/30/2022,"1,20",12.1899
08/30/2023,"1,09",12.1899
08/30/2024,"1,10",12.1899
08/31/2020,"1,19",12.1899
08/31/2021,"1,18",12.1899
08/31/2022,"1,20",12.1899
08/31/2023,"1,08",12.1899
09/13/2021,"1,18",12.1899
09/13/2022,"9,97",1.1900
09/13/2023,"1,07",12.1899
09/13/2024,"1,11",12.1899
09/14/2020,"1,19",12.1899
09/14/2021,"1,18",12.1899
09/14/2022,"9,98",1.1900
09/14/2023,"1,06",12.1899
09/15/2020,"1,18",12.1899
09/15/2021,"1,18",12.1899
09/15/2022,"10,00",1.1900
09/15/2023,"1,07",12.1899
09/15/2025,"1,18",12.1899
09/16/2020,"1,18",12.1899
09/16/2021,"1,18",12.1899
09/16/2022,"1,20",12.1899
09/16/2024,"1,11",12.1899
09/16/2025,"1,19",12.1899
09/17/2020,"1,18",12.1899
09/17/2021,"1,17",12.1899
09/17/2024,"1,11",12.1899
09/17/2025,"1,18",12.1899
09/18/2020,"1,18",12.1899
09/18/2023,"1,07",12.1899
09/18/2024,"1,11",12.1899
09/18/2025,"1,18",12.1899
09/19/2022,"1,20",12.1899
09/19/2023,"1,07",12.1899
09/19/2024,"1,12",12.1899
09/19/2025,"1,17",12.1899
09/20/2021,"1,17",12.1899
09/20/2022,"9,97",1.1900
09/20/2023,"1,07",12.1899
09/20/2024,"1,12",12.1899
09/21/2020,"1,18",12.1899
09/21/2021,"1,17",12.1899
09/21/2022,"9,84",1.1900
09/21/2023,"1,07",12.1899
09/22/2020,"1,17",12.1899
09/22/2021,"1,17",12.1899
09/22/2022,"9,84",1.1900
09/22/2023,"1,07",12.1899
09/22/2025,"1,18",12.1899
09/23/2020,"1,17",12.1899
09/23/2021,"1,17",12.1899
09/23/2022,"9,69",1.1900
09/23/2024,"1,11",12.1899
09/23/2025,"1,18",12.1899
09/24/2020,"1,17",12.1899
09/24/2021,"1,17",12.1899
09/24/2024,"1,12",12.1899
09/24/2025,"1,17",12.1899
09/25/2020,"1,16",12.1899
09/25/2023,"1,06",12.1899
09/25/2024,"1,11",12.1899
09/25/2025,"1,17",12.1899
09/26/2022,"9,61",1.1900
09/26/2023,"1,06",12.1899
09/26/2024,"1,12",12.1899
09/26/2025,"1,17",12.1899
09/27/2021,"1,17",12.1899
09/27/2022,"9,59",1.1900
09/27/2023,"1,05",12.1899
09/27/2024,"1,12",12.1899
09/28/2020,"1,17",12.1899
09/28/2021,"1,17",12.1899
09/28/2022,"9,73",1.1900
09/28/2023,"1,06",12.1899
09/29/2020,"1,17",12.1899
09/29/2021,"1,16",12.1899
09/29/2022,"9,81",1.1900
09/29/2023,"1,06",12.1899
09/29/2025,"1,17",12.1899
09/30/2020,"1,17",12.1899
09/30/2021,"1,16",12.1899
09/30/2022,"9,80",1.1900
09/30/2024,"1,11",12.1899
09/30/2025,"1,17",12.1899
10/13/2020,"1,17",12.1899
10/13/2021,"1,16",12.1899
10/13/2022,"9,77",1.1900
10/13/2023,"1,05",12.1899
10/13/2025,"1,16",12.1899
10/14/2020,"1,17",12.1899
10/14/2021,"1,16",12.1899
10/14/2022,"9,72",1.1900
10/14/2024,"1,09",12.1899
10/14/2025,"1,16",12.1899
10/15/2020,"1,17",12.1899
10/15/2021,"1,16",12.1899
10/15/2024,"1,09",12.1899
10/15/2025,"1,16",12.1899
10/16/2020,"1,17",12.1899
10/16/2023,"1,06",12.1899
10/16/2024,"1,09",12.1899
10/16/2025,"1,17",12.1899
10/17/2022,"9,84",1.1900
10/17/2023,"1,06",12.1899
10/17/2024,"1,08",12.1899
10/17/2025,"1,17",12.1899
10/18/2021,"1,16",12.1899
10/18/2022,"9,85",1.1900
10/18/2023,"1,05",12.1899
10/18/2024,"1,09",12.1899
10/19/2020,"1,18",12.1899
10/19/2021,"1,16",12.1899
10/19/2022,"9,77",1.1900
10/19/2023,"1,06",12.1899
10/20/2020,"1,18",12.1899
10/20/2021,"1,16",12.1899
10/20/2022,"9,78",1.1900
10/20/2023,"1,06",12.1899
10/20/2025,"1,16",12.1899
10/21/2020,"1,19",12.1899
10/21/2021,"1,16",12.1899
10/21/2022,"9,86",1.1900
10/21/2024,"1,08",12.1899
10/21/2025,"1,16",12.1899
10/22/2020,"1,18",12.1899
10/22/2021,"1,16",12.1899
10/22/2024,"1,08",12.1899
10/22/2025,"1,16",12.1899
10/23/2020,"1,19",12.1899
10/23/2023,"1,07",12.1899
10/23/2024,"1,08",12.1899
10/23/2025,"1,16",12.1899
10/24/2022,"9,87",1.1900
10/24/2023,"1,06",12.1899
10/24/2024,"1,08",12.1899
10/24/2025,"1,16",12.1899
10/25/2021,"1,16",12.1899
10/25/2022,"9,96",1.1900
10/25/2023,"1,06",12.1899
10/25/2024,"1,08",12.1899
10/26/2020,"1,18",12.1899
10/26/2021,"1,16",12.1899
10/26/2022,"1,20",12.1899
10/26/2023,"1,06",12.1899
10/27/2020,"1,18",12.1899
10/27/2021,"1,16",12.1899
10/27/2022,"9,96",1.1900
10/27/2023,"1,06",12.1899
10/27/2025,"1,16",12.1899
10/28/2020,"1,17",12.1899
10/28/2021,"1,17",12.1899
10/28/2022,"9,96",1.1900
10/28/2024,"1,08",12.1899
10/28/2025,"1,17",12.1899
10/29/2020,"1,17",12.1899
10/29/2021,"1,16",12.1899
10/29/2024,"1,08",12.1899
10/29/2025,"1,16",12.1899
10/30/2020,"1,16",12.1899
10/30/2023,"1,06",12.1899
10/30/2024,"1,09",12.1899
10/30/2025,"1,16",12.1899
10/31/2022,"9,88",1.1900
10/31/2023,"1,06",12.1899
10/31/2024,"1,09",12.1899
10/31/2025,"1,15",12.1899
11/13/2020,"1,18",12.1899
11/13/2023,"1,07",12.1899
11/13/2024,"1,06",12.1899
11/13/2025,"1,16",12.1899
11/14/2022,"1,03",12.1899
11/14/2023,"1,09",12.1899
11/14/2024,"1,05",12.1899
11/14/2025,"1,16",12.1899
11/15/2021,"1,14",12.1899
11/15/2022,"1,03",12.1899
11/15/2023,"1,08",12.1899
11/15/2024,"1,05",12.1899
11/16/2020,"1,19",12.1899
11/16/2021,"1,13",12.1899
11/16/2022,"1,04",12.1899
11/16/2023,"1,09",12.1899
11/17/2020,"1,19",12.1899
11/17/2021,"1,13",12.1899
11/17/2022,"1,04",12.1899
11/17/2023,"1,09",12.1899
11/17/2025,"1,16",12.1899
11/18/2020,"1,19",12.1899
11/18/2021,"1,14",12.1899
11/18/2022,"1,03",12.1899
11/18/2024,"1,06",12.1899
11/18/2025,"1,16",12.1899
11/19/2020,"1,19",12.1899
11/19/2021,"1,13",12.1899
11/19/2024,"1,06",12.1899
11/19/2025,"1,15",12.1899
11/20/2020,"1,19",12.1899
11/20/2023,"1,09",12.1899
11/20/2024,"1,05",12.1899
11/20/2025,"1,15",12.1899
11/21/2022,"1,02",12.1899
11/21/2023,"1,09",12.1899
11/21/2024,"1,05",12.1899
11/21/2025,"1,15",12.1899
11/22/2021,"1,12",12.1899
11/22/2022,"1,03",12.1899
11/22/2023,"1,09",12.1899
11/22/2024,"1,04",12.1899
11/23/2020,"1,18",12.1899
11/23/2021,"1,12",12.1899
11/23/2022,"1,04",12.1899
11/23/2023,"1,09",12.1899
11/24/2020,"1,19",12.1899
11/24/2021,"1,12",12.1899
11/24/2022,"1,04",12.1899
11/24/2023,"1,09",12.1899
11/24/2025,"1,15",12.1899
11/25/2020,"1,19",12.1899
11/25/2021,"1,12",12.1899
11/25/2022,"1,04",12.1899
11/25/2024,"1,05",12.1899
11/25/2025,"1,16",12.1899
11/26/2020,"1,19",12.1899
11/26/2021,"1,13",12.1899
11/26/2024,"1,05",12.1899
11/26/2025,"1,16",12.1899
11/27/2020,"1,20",12.1899
11/27/2023,"1,10",12.1899
11/27/2024,"1,06",12.1899
11/27/2025,"1,16",12.1899
11/28/2022,"1,03",12.1899
11/28/2023,"1,10",12.1899
11/28/2024,"1,06",12.1899
11/28/2025,"1,16",12.1899
11/29/2021,"1,13",12.1899
11/29/2022,"1,03",12.1899
11/29/2023,"1,10",12.1899
11/29/2024,"1,06",12.1899
11/30/2020,"1,19",12.1899
11/30/2021,"1,13",12.1899
11/30/2022,"1,04",12.1899
11/30/2023,"1,09",12.1899
12/13/2021,"1,13",12.1899
12/13/2022,"1,06",12.1899
12/13/2023,"1,09",12.1899
12/13/2024,"1,05",12.1899
12/14/2020,"1,21",12.1899
12/14/2021,"1,13",12.1899
12/14/2022,"1,07",12.1899
12/14/2023,"1,10",12.1899
12/15/2020,"1,22",12.1899
12/15/2021,"1,13",12.1899
12/15/2022,"1,06",12.1899
12/15/2023,"1,09",12.1899
12/15/2025,"1,18",12.1899
12/16/2020,"1,22",12.1899
12/16/2021,"1,13",12.1899
12/16/2022,"1,06",12.1899
12/16/2024,"1,05",12.1899
12/16/2025,"1,17",12.1899
12/17/2020,"1,23",12.1899
12/17/2021,"1,12",12.1899
12/17/2024,"1,05",12.1899
12/17/2025,"1,17",12.1899
12/18/2020,"1,23",12.1899
12/18/2023,"1,09",12.1899
12/18/2024,"1,04",12.1899
12/18/2025,"1,17",12.1899
12/19/2022,"1,06",12.1899
12/19/2023,"1,10",12.1899
12/19/2024,"1,04",12.1899
12/19/2025,"1,17",12.1899
12/20/2021,"1,13",12.1899
12/20/2022,"1,06",12.1899
12/20/2023,"1,09",12.1899
12/20/2024,"1,04",12.1899
12/21/2020,"1,22",12.1899
12/21/2021,"1,13",12.1899
12/21/2022,"1,06",12.1899
12/21/2023,"1,10",12.1899
12/22/2020,"1,22",12.1899
12/22/2021,"1,13",12.1899
12/22/2022,"1,06",12.1899
12/22/2023,"1,10",12.1899
12/22/2025,"1,18",12.1899
12/23/2020,"1,22",12.1899
12/23/2021,"1,13",12.1899
12/23/2022,"1,06",12.1899
12/23/2024,"1,04",12.1899
12/23/2025,"1,18",12.1899
12/24/2020,"1,22",12.1899
12/24/2021,"1,13",12.1899
12/24/2024,"1,04",12.1899
12/24/2025,"1,18",12.1899
12/25/2020,"1,22",12.1899
12/25/2023,"1,10",12.1899
12/25/2024,"1,04",12.1899
12/25/2025,"1,18",12.1899
12/26/2022,"1,06",12.1899
12/26/2023,"1,10",12.1899
12/26/2024,"1,04",12.1899
12/26/2025,"1,18",12.1899
12/27/2021,"1,13",12.1899
12/27/2022,"1,06",12.1899
12/27/2023,"1,11",12.1899
12/27/2024,"1,04",12.1899
12/28/2020,"1,22",12.1899
12/28/2021,"1,13",12.1899
12/28/2022,"1,06",12.1899
12/28/2023,"1,11",12.1899
12/29/2020,"1,22",12.1899
12/29/2021,"1,13",12.1899
12/29/2022,"1,07",12.1899
12/29/2023,"1,10",12.1899
12/29/2025,"1,18",12.1899
12/30/2020,"1,23",12.1899
12/30/2021,"1,13",12.1899
12/30/2022,"1,07",12.1899
12/30/2024,"1,04",12.1899
12/30/2025,"1,17",12.1899
12/31/2020,"1,22",12.1899
12/31/2021,"1,14",12.1899
12/31/2024,"1,04",12.1899
12/31/2025,"1,17",12.1899