2020-01-01,0,0,10000
2020-01-02,0,0,10000
2020-01-03,-0.0078,-77.68,9922.32
2020-01-06,0.0031,31.21,9953.53
2020-01-07,-0.0007,-7.15,9946.37
2020-01-08,0.0052,51.64,9998.02
2020-01-09,0.0071,70.66,10068.68
2020-01-10,0,0.19,10068.87
2020-01-13,0.0165,164.98,10233.85
2020-01-14,-0.0077,-76.53,10157.32
2020-01-15,-0.0004,-4.18,10153.14
2020-01-16,0.0088,87.89,10241.03
2020-01-17,0.0033,33.04,10274.07
2020-01-20,0,0,10274.07
2020-01-21,-0.0022,-21.87,10252.2
2020-01-22,0.0015,15.44,10267.63
2020-01-23,0.0048,48.25,10315.88
2020-01-24,-0.0048,-48.37,10267.51
2020-01-27,-0.0166,-166.09,10101.42
2020-01-28,0.016,159.68,10261.1
2020-01-29,0.006,60.47,10321.57
2020-01-30,0.0057,57.22,10378.79
2020-01-31,-0.0178,-178.23,10200.57
2020-02-03,0.0036,36,10236.57
2020-02-04,0.0204,204.06,10440.62
2020-02-05,0.0039,38.52,10479.14
2020-02-06,0.0095,95.42,10574.56
2020-02-07,-0.0051,-51.31,10523.24
2020-02-10,0.0154,154.26,10677.5
2020-02-11,-0.0021,-21.44,10656.06
2020-02-12,0.008,80.17,10736.23
2020-02-13,-0.0044,-43.83,10692.41
2020-02-14,0.016,160.35,10852.75
2020-02-17,0,0,10852.75
2020-02-18,0.0035,34.5,10887.26
2020-02-19,0.0153,152.74,11040
2020-02-20,-0.0082,-82.36,10957.64
2020-02-21,-0.0198,-198.27,10759.36
2020-02-24,-0.0304,-303.88,10455.49
2020-02-25,-0.0177,-177.4,10278.08
2020-02-26,0.0096,96.28,10374.36
2020-02-27,-0.0373,-372.51,10001.85
2020-02-28,0.0205,205.43,10207.29
2020-03-02,0.0368,368.48,10575.76
2020-03-03,-0.0205,-205.1,10370.67
2020-03-04,0.0155,154.82,10525.49
2020-03-05,-0.0043,-42.53,10482.96
2020-03-06,-0.0105,-104.76,10378.2
2020-03-09,-0.0442,-442.21,9935.99
2020-03-10,0.0365,365.11,10301.1
2020-03-11,-0.0316,-315.97,9985.12
2020-03-12,-0.076,-759.57,9225.56
2020-03-13,0.0562,561.98,9787.54
2020-03-14,0,0,9787.54
2020-03-16,-0.0678,-677.77,9109.77
2020-03-17,0.0369,369.27,9479.04
2020-03-18,-0.0257,-256.59,9222.45
2020-03-19,0.0025,25.47,9247.92
2020-03-20,-0.024,-239.87,9008.06
2020-03-21,0,0,9008.06
2020-03-23,0.0079,78.68,9086.73
2020-03-24,0.0759,758.76,9845.49
2020-03-25,-0.0019,-19.15,9826.34
2020-03-26,0.0343,343.14,10169.48
2020-03-27,-0.0177,-177.12,9992.36
2020-03-28,0,0,9992.36
2020-03-30,0.0293,292.62,10284.98
2020-03-31,-0.0059,-58.64,10226.34
2020-04-01,-0.0193,-192.74,10033.6
2020-04-02,0.0009,9.28,10042.88
2020-04-03,-0.0054,-54.25,9988.63
2020-04-06,0.0438,438.15,10426.78
2020-04-07,-0.01,-99.84,10326.94
2020-04-08,0.0133,132.74,10459.68
2020-04-09,0.0022,21.87,10481.55
2020-04-10,0,0,10481.55
2020-04-13,0.0084,84.31,10565.86
2020-04-14,0.0211,210.69,10776.55
2020-04-15,-0.0036,-35.83,10740.72
2020-04-16,0.0254,254.16,10994.88
2020-04-17,-0.002,-20.05,10974.84
2020-04-20,-0.0121,-121.14,10853.7
2020-04-21,-0.0266,-265.56,10588.13
2020-04-22,0.0238,238.25,10826.38
2020-04-23,-0.0025,-24.86,10801.53
2020-04-24,0.0118,117.75,10919.28
2020-04-27,0.0034,34.37,10953.65
2020-04-28,-0.011,-109.78,10843.87
2020-04-29,0.0216,216.27,11060.14
2020-04-30,0.0025,24.64,11084.78
2020-05-01,-0.009,-89.81,10994.97
2020-05-02,0,0,10994.97
2020-05-03,0,0,10994.97
2020-05-04,0.0062,62.42,11057.39
2020-05-05,0.0056,56.49,11113.88
2020-05-06,0.0056,55.58,11169.46
2020-05-07,0.009,89.77,11259.23
2020-05-08,0.0096,95.81,11355.04
2020-05-09,0,0,11355.04
2020-05-10,0,0,11355.04
2020-05-11,0.0045,44.76,11399.81
2020-05-12,-0.0063,-62.97,11336.84
2020-05-13,-0.0055,-54.63,11282.21
2020-05-14,0.003,30.42,11312.63
2020-05-15,0.0202,201.56,11514.2
2020-05-18,0.0132,132.31,11646.51
2020-05-19,-0.0008,-8.22,11638.29
2020-05-20,0.0114,114.13,11752.42
2020-05-21,-0.0088,-88.21,11664.21
2020-05-22,0.0015,15.28,11679.49
2020-05-25,0,0,11679.49
2020-05-26,-0.0044,-44.04,11635.45
2020-05-27,-0.0028,-27.74,11607.71
2020-05-28,-0.0006,-6.09,11601.62
2020-05-29,0.0118,118.44,11720.06
2020-06-01,-0.0003,-3.08,11716.97
2020-06-02,0.0048,48.06,11765.03
2020-06-03,-0.0005,-4.99,11760.04
2020-06-04,-0.0044,-43.58,11716.45
2020-06-05,0.014,139.89,11856.34
2020-06-07,0,0,11856.34
2020-06-08,0,0.41,11856.75
2020-06-09,0.0082,82.47,11939.22
2020-06-10,0.0276,276.26,12215.48
2020-06-11,-0.0339,-339.07,11876.42
2020-06-12,0.0066,65.78,11942.2
2020-06-15,0.0101,101.28,12043.48
2020-06-16,0.0096,96.11,12139.58
2020-06-17,0.0008,8.07,12147.65
2020-06-18,0.0021,20.83,12168.48
2020-06-19,-0.0014,-13.6,12154.88
2020-06-22,0.0174,174.41,12329.29
2020-06-23,0.0039,38.64,12367.93
2020-06-24,-0.0121,-120.63,12247.31
2020-06-25,0.0101,100.77,12348.07
2020-06-26,-0.017,-169.52,12178.55
2020-06-29,0.0081,80.89,12259.44
2020-06-30,0.0136,135.66,12395.1
2020-07-01,0.0019,19.15,12414.25
2020-07-02,0.0027,26.74,12440.99
2020-07-03,0,0,12440.99
2020-07-04,0,0,12440.99
2020-07-05,0,0,12440.99
2020-07-06,0.0153,152.98,12593.98
2020-07-07,-0.0019,-18.79,12575.18
2020-07-08,0.016,160.48,12735.66
2020-07-09,0.0086,85.75,12821.4
2020-07-10,-0.001,-10.3,12811.1
2020-07-11,0,0,12811.1
2020-07-12,0,0,12811.1
2020-07-13,-0.0071,-71.21,12739.9
2020-07-14,0.004,40.04,12779.93
2020-07-15,-0.0018,-18.02,12761.91
2020-07-16,-0.0082,-81.7,12680.21
2020-07-17,0.0003,2.71,12682.93
2020-07-20,0.0192,192.17,12875.1
2020-07-21,-0.0078,-78.31,12796.79
2020-07-22,0.0067,66.82,12863.62
2020-07-23,-0.0234,-233.73,12629.88
2020-07-24,0.0002,2.05,12631.93
2020-07-25,0,0,12631.93
2020-07-26,0,0,12631.93
2020-07-27,0.0125,124.52,12756.45
2020-07-28,-0.0096,-95.71,12660.74
2020-07-29,0.012,119.58,12780.32
2020-07-30,0.0052,51.64,12831.96
2020-07-31,0.0222,221.52,13053.48
2020-08-02,0,0,13053.48
2020-08-03,0.0159,158.91,13212.39
2020-08-04,0.0106,106.03,13318.42
2020-08-05,0.0017,17.22,13335.64
2020-08-06,0.0115,114.94,13450.58
2020-08-07,-0.0121,-121.37,13329.21
2020-08-08,0,0,13329.21
2020-08-09,0,0,13329.21
2020-08-10,-0.0029,-29.04,13300.17
2020-08-11,-0.017,-170.06,13130.12
2020-08-12,0.0235,234.76,13364.88
2020-08-13,0.002,19.59,13384.47
2020-08-14,0.0018,18.37,13402.84
2020-08-17,0.0155,155.47,13558.31
2020-08-18,0.0019,19.43,13577.74
2020-08-19,-0.0047,-46.87,13530.87
2020-08-20,0.0105,104.76,13635.64
2020-08-21,0.0172,172.03,13807.67
2020-08-23,0,0,13807.67
2020-08-24,0.0035,35.3,13842.96
2020-08-25,0.0008,7.89,13850.85
2020-08-26,0.0073,73.11,13923.96
2020-08-27,-0.0007,-7.08,13916.88
2020-08-28,0.0112,112.25,14029.13
2020-08-30,0,0,14029.13
2020-08-31,0.0078,78.32,14107.45
2020-09-01,0.0164,163.68,14271.13
2020-09-02,0.008,79.89,14351.02
2020-09-03,-0.0292,-291.66,14059.35
2020-09-04,-0.0283,-282.78,13776.58
2020-09-07,0,0,13776.58
2020-09-08,-0.0352,-352,13424.58
2020-09-09,0.0299,299.03,13723.61
2020-09-10,-0.0184,-184.02,13539.59
2020-09-11,-0.006,-60.13,13479.47
2020-09-13,0,0,13479.47
2020-09-14,0.0199,199.03,13678.5
2020-09-15,0.0046,46.43,13724.93
2020-09-16,-0.017,-170.18,13554.75
2020-09-17,-0.006,-60.03,13494.71
2020-09-18,-0.0135,-135.17,13359.55
2020-09-21,0.0137,136.76,13496.31
2020-09-22,0.0093,92.6,13588.9
2020-09-23,-0.0156,-156.09,13432.82
2020-09-24,0.0001,0.83,13433.65
2020-09-25,0.0197,197.29,13630.93
2020-09-26,0,0,13630.93
2020-09-27,0,0,13630.93
2020-09-28,0.0074,74.49,13705.42
2020-09-29,0.002,20.5,13725.92
2020-09-30,0.01,100.31,13826.23
2020-10-01,0.0048,47.99,13874.21
2020-10-02,-0.0127,-126.63,13747.58
2020-10-03,0,0,13747.58
2020-10-04,0,0,13747.58
2020-10-05,0.0106,105.51,13853.09
2020-10-06,-0.0091,-91.09,13762
2020-10-07,0.0111,110.54,13872.54
2020-10-08,-0.0008,-8.13,13864.41
2020-10-09,0.0074,73.67,13938.08
2020-10-12,0.0253,253.02,14191.1
2020-10-13,-0.0045,-44.77,14146.33
2020-10-14,-0.0015,-14.68,14131.65
2020-10-15,-0.0061,-60.63,14071.02
2020-10-16,-0.0052,-52.43,14018.59
2020-10-19,-0.0141,-140.53,13878.06
2020-10-20,0.005,50.07,13928.14
2020-10-21,-0.0024,-23.64,13904.5
2020-10-22,-0.0056,-55.76,13848.74
2020-10-23,0.0047,47.46,13896.19
2020-10-26,-0.0127,-127.25,13768.94
2020-10-27,0.0104,103.58,13872.53
2020-10-28,-0.0319,-319.48,13553.04
2020-10-29,0.0089,88.88,13641.92
2020-10-30,-0.0167,-166.57,13475.35
2020-11-02,0.0005,5.46,13480.81
2020-11-03,0.0079,78.58,13559.39
2020-11-04,0.0391,390.51,13949.9
2020-11-05,0.02,199.77,14149.67
2020-11-06,0.0057,56.5,14206.17
2020-11-09,-0.0238,-237.74,13968.43
2020-11-10,-0.0205,-204.66,13763.77
2020-11-11,0.0217,216.81,13980.58
2020-11-12,0.0004,3.57,13984.15
2020-11-13,-0.0012,-12.49,13971.66
2020-11-16,0.0065,65.39,14037.06
2020-11-17,-0.0049,-49.3,13987.75
2020-11-18,-0.0051,-50.78,13936.97
2020-11-19,0.003,30.12,13967.09
2020-11-20,-0.0038,-37.98,13929.11
2020-11-23,-0.0116,-115.95,13813.16
2020-11-24,0.0036,35.9,13849.06
2020-11-25,0.0056,55.68,13904.74
2020-11-26,0,0,13904.74
2020-11-27,0.004,40.39,13945.13
2020-11-30,0.0048,48.26,13993.39
2020-12-01,0.0082,82.27,14075.66
2020-12-02,0.0017,17.19,14092.85
2020-12-03,-0.0028,-28.35,14064.5
2020-12-04,0.0006,5.63,14070.13
2020-12-07,0.0036,35.85,14105.99
2020-12-08,-0.0012,-11.72,14094.27
2020-12-09,-0.0148,-148.04,13946.23
2020-12-10,0.0025,25.48,13971.71
2020-12-11,0.0016,15.87,13987.58
2020-12-14,0.0049,49.17,14036.75
2020-12-15,0.0117,117.08,14153.83
2020-12-16,0.0028,27.77,14181.6
2020-12-17,0.0035,35.2,14216.81
2020-12-18,-0.0051,-51.44,14165.36
2020-12-21,0.0062,62.46,14227.82
2020-12-22,0.0066,65.89,14293.71
2020-12-23,-0.0042,-42.07,14251.64
2020-12-24,-0.001,-9.8,14241.85
2020-12-25,0,0,14241.85
2020-12-28,0.0078,78.03,14319.87
2020-12-29,-0.0027,-27.12,14292.75
2020-12-30,0.0003,3.34,14296.09
2020-12-31,-0.0015,-14.57,14281.52
2021-01-01,0,0,14281.52
2021-01-04,-0.0096,-95.78,14185.74
2021-01-05,0.007,69.83,14255.57
2021-01-06,-0.0252,-251.85,14003.72
2021-01-07,0.0238,237.87,14241.6
2021-01-08,0.0009,8.74,14250.34
2021-01-11,-0.0028,-27.76,14222.58
2021-01-12,-0.0036,-36.06,14186.52
2021-01-13,0.0062,62.48,14249
2021-01-14,-0.0116,-115.61,14133.39
2021-01-15,-0.0088,-87.57,14045.82
2021-01-18,0,0,14045.82
2021-01-19,0.0051,50.59,14096.41
2021-01-20,0.0218,218.28,14314.7
2021-01-21,0.0158,157.65,14472.35
2021-01-22,0.0018,17.79,14490.13
2021-01-25,0.0078,77.78,14567.92
2021-01-26,0.0004,4.23,14572.15
2021-01-27,-0.0096,-95.78,14476.36
2021-01-28,-0.002,-20.23,14456.13
2021-01-29,-0.0126,-125.67,14330.46
2021-02-01,0.0136,135.79,14466.25
2021-02-02,0.0047,46.97,14513.23
2021-02-03,0.0006,5.57,14518.8
2021-02-04,0.0061,61.3,14580.1
2021-02-05,-0.0022,-21.7,14558.4
2021-02-08,0.0133,132.6,14691
2021-02-09,-0.0018,-17.74,14673.26
2021-02-10,0.0056,56.04,14729.3
2021-02-11,0.0073,72.72,14802.02
2021-02-12,-0.0037,-37.32,14764.7
2021-02-15,0,0,14764.7
2021-02-16,-0.0007,-7.43,14757.27
2021-02-17,-0.0088,-88.3,14668.97
2021-02-18,-0.0025,-24.58,14644.4
2021-02-19,-0.0016,-16.48,14627.92
2021-02-22,-0.0191,-190.63,14437.29
2021-02-23,-0.0051,-50.86,14386.44
2021-02-24,0.0061,61.02,14447.45
2021-02-25,-0.0309,-308.65,14138.8
2021-02-26,0.011,110.37,14249.16
2021-03-01,0.0151,151.15,14400.31
2021-03-02,-0.0121,-120.99,14279.33
2021-03-03,-0.0205,-204.8,14074.53
2021-03-04,-0.0123,-123,13951.53
2021-03-05,0.0069,68.55,14020.08
2021-03-08,-0.028,-279.57,13740.51
2021-03-09,0.0318,317.62,14058.13
2021-03-10,-0.0033,-32.8,14025.33
2021-03-11,0.0165,165.08,14190.41
2021-03-12,-0.0064,-63.94,14126.46
2021-03-15,0.0087,87.09,14213.55
2021-03-16,0.0064,64.3,14277.85
2021-03-17,-0.0003,-2.87,14274.98
2021-03-18,-0.0234,-234.01,14040.96
2021-03-19,0.0011,10.65,14051.62
2021-03-22,0.0164,164.37,14215.99
2021-03-23,-0.0001,-1.06,14214.93
2021-03-24,-0.0138,-137.55,14077.39
2021-03-25,-0.0036,-35.57,14041.81
2021-03-26,0.0089,88.77,14130.58
2021-03-29,0.0005,4.61,14135.2
2021-03-30,-0.0072,-71.83,14063.37
2021-03-31,0.0146,146.47,14209.84
2021-04-01,0.0153,152.73,14362.57
2021-04-02,0,0,14362.57
2021-04-05,0.0123,122.63,14485.2
2021-04-06,-0.0004,-4.36,14480.84
2021-04-07,0.0079,78.92,14559.75
2021-04-08,0.0098,98.1,14657.86
2021-04-09,0.0069,68.64,14726.5
2021-04-12,0.0086,85.86,14812.37
2021-04-13,0.0139,139.25,14951.62
2021-04-14,-0.0103,-103.12,14848.5
2021-04-15,0.0192,192.38,15040.88
2021-04-16,-0.0032,-31.84,15009.04
2021-04-19,-0.0077,-76.7,14932.34
2021-04-20,-0.0049,-49.39,14882.95
2021-04-21,0.0052,51.75,14934.7
2021-04-22,-0.0115,-115.17,14819.54
2021-04-23,0.0131,131.41,14950.94
2021-04-26,0.0034,33.91,14984.85
2021-04-27,-0.0022,-21.93,14962.92
2021-04-28,-0.008,-80.06,14882.86
2021-04-29,-0.0014,-13.94,14868.92
2021-04-30,-0.0038,-38,14830.92
2021-05-03,-0.0043,-43.06,14787.87
2021-05-04,-0.0174,-173.72,14614.15
2021-05-05,0.0011,10.95,14625.09
2021-05-06,0.0069,69.21,14694.31
2021-05-07,0.0077,76.53,14770.84
2021-05-10,-0.0179,-179.27,14591.57
2021-05-11,-0.0023,-23.46,14568.11
2021-05-12,-0.0196,-195.98,14372.13
2021-05-13,0.0063,63.34,14435.47
2021-05-14,0.0172,172.06,14607.53
2021-05-17,-0.0047,-46.65,14560.88
2021-05-18,-0.0043,-43.3,14517.58
2021-05-19,-0.0006,-6.44,14511.14
2021-05-20,0.0142,142.04,14653.18
2021-05-21,0.0013,13.17,14666.35
2021-05-24,0.0158,158,14824.35
2021-05-25,0.0025,25.01,14849.36
2021-05-26,-0.0005,-5.4,14843.96
2021-05-27,-0.0073,-72.5,14771.45
2021-05-28,0.0089,89.11,14860.56
2021-05-31,0,0,14860.56
2021-06-01,-0.0027,-26.86,14833.7
2021-06-02,0.008,79.64,14913.34
2021-06-03,-0.003,-29.79,14883.55
2021-06-04,0.0172,171.9,15055.45
2021-06-07,0.0027,26.7,15082.15
2021-06-08,-0.0009,-9.09,15073.06
2021-06-09,0.0009,8.79,15081.84
2021-06-10,0.0027,27.06,15108.91
2021-06-11,0.0061,61.12,15170.03
2021-06-14,0.0057,57.12,15227.14
2021-06-15,-0.0028,-27.83,15199.31
2021-06-16,-0.0015,-15.39,15183.92
2021-06-17,0.0149,149.1,15333.02
2021-06-18,-0.0026,-25.51,15307.51
2021-06-21,0.0023,22.54,15330.05
2021-06-22,0.01,100.38,15430.43
2021-06-23,-0.0008,-7.55,15422.88
2021-06-24,0.0041,41.29,15464.17
2021-06-25,-0.0023,-23.02,15441.15
2021-06-28,0.0142,141.8,15582.95
2021-06-29,0.0045,44.51,15627.46
2021-06-30,0.001,9.64,15637.1
2021-07-01,0.0017,16.57,15653.67
2021-07-02,0.0126,126.44,15780.11
2021-07-03,0,0,15780.11
2021-07-04,0,0,15780.11
2021-07-05,0,0,15780.11
2021-07-06,0.0051,51.23,15831.34
2021-07-07,0.0026,25.56,15856.9
2021-07-08,-0.0079,-79.11,15777.79
2021-07-09,0.0029,28.51,15806.3
2021-07-12,0.0047,46.62,15852.92
2021-07-13,0.0002,1.93,15854.85
2021-07-14,0.0029,28.74,15883.59
2021-07-15,-0.0101,-100.68,15782.91
2021-07-16,-0.0118,-118.13,15664.78
2021-07-19,0.0004,3.6,15668.38
2021-07-20,0.0048,47.69,15716.07
2021-07-21,0.0081,80.81,15796.88
2021-07-22,0.0078,78.47,15875.35
2021-07-23,0.0044,43.52,15918.88
2021-07-26,-0.0029,-28.68,15890.2
2021-07-27,-0.0048,-48.49,15841.71
2021-07-28,0.0006,6.4,15848.11
2021-07-29,0.0031,31.05,15879.17
2021-07-30,-0.002,-20.23,15858.94
2021-08-02,0.0022,22.41,15881.35
2021-08-03,0.005,49.56,15930.9
2021-08-04,0.0027,26.93,15957.84
2021-08-05,0.0052,52.32,16010.16
2021-08-06,-0.0053,-52.5,15957.66
2021-08-07,0,0,15957.66
2021-08-08,0,0,15957.66
2021-08-09,-0.0029,-29.28,15928.38
2021-08-10,-0.0059,-59.18,15869.2
2021-08-11,-0.0014,-14.08,15855.12
2021-08-12,0.0083,83.06,15938.18
2021-08-13,0.0071,71.38,16009.56
2021-08-16,0.0017,16.83,16026.38
2021-08-17,-0.0083,-82.55,15943.83
2021-08-18,-0.0067,-66.78,15877.05
2021-08-19,0.0086,86.31,15963.37
2021-08-20,0.0175,174.75,16138.12
2021-08-23,0.0132,131.93,16270.05
2021-08-24,-0.0026,-25.86,16244.19
2021-08-25,0.0012,11.99,16256.18
2021-08-26,-0.003,-30.13,16226.05
2021-08-27,0.0066,65.59,16291.64
2021-08-30,0.0094,94.43,16386.08
2021-08-31,-0.0059,-58.95,16327.13
2021-09-01,0.001,9.73,16336.86
2021-09-02,0.0018,18.46,16355.32
2021-09-03,0.0043,42.51,16397.83
2021-09-06,0,0,16397.83
2021-09-07,-0.0008,-7.59,16390.24
2021-09-08,-0.0043,-43.28,16346.96
2021-09-09,-0.0038,-37.86,16309.1
2021-09-10,-0.0055,-55.46,16253.64
2021-09-13,-0.0009,-9.03,16244.61
2021-09-14,0.0015,14.58,16259.19
2021-09-15,0.0052,52,16311.19
2021-09-16,-0.0015,-14.71,16296.48
2021-09-17,-0.0113,-113.39,16183.09
2021-09-20,-0.0074,-74.18,16108.91
2021-09-21,-0.0048,-47.81,16061.1
2021-09-22,0.0125,125.36,16186.46
2021-09-23,0.0055,54.51,16240.97
2021-09-24,-0.0005,-5.37,16235.61
2021-09-27,-0.0133,-132.82,16102.79
2021-09-28,-0.0221,-221.15,15881.64
2021-09-29,-0.0007,-7.5,15874.14
2021-09-30,-0.0014,-14.3,15859.84
2021-10-01,0.0074,73.56,15933.41
2021-10-04,-0.019,-190.13,15743.27
2021-10-05,0.0134,134.17,15877.44
2021-10-06,0.0069,68.5,15945.94
2021-10-07,0.0022,21.67,15967.61
2021-10-08,0.0001,0.56,15968.17
2021-10-11,-0.0023,-22.68,15945.49
2021-10-12,-0.0028,-27.84,15917.65
2021-10-13,0.0057,56.58,15974.23
2021-10-14,0.0167,167.04,16141.27
2021-10-15,0.0027,27.47,16168.74
2021-10-18,0.0075,74.7,16243.45
2021-10-19,0.0034,33.93,16277.38
2021-10-20,-0.0001,-0.7,16276.68
2021-10-21,0.0054,54.32,16331
2021-10-22,-0.0012,-11.54,16319.46
2021-10-25,0.0034,34.27,16353.73
2021-10-26,0.0161,161.31,16515.04
2021-10-27,0.0066,66.06,16581.1
2021-10-28,0.0104,103.64,16684.73
2021-10-29,0.005,49.71,16734.44
2021-11-01,-0.0011,-10.99,16723.45
2021-11-02,0.0087,87.23,16810.68
2021-11-03,0.0034,33.95,16844.63
2021-11-04,0.0258,258.18,17102.81
2021-11-05,0.001,10.39,17113.2
2021-11-08,0.006,59.55,17172.75
2021-11-09,-0.0002,-2,17170.75
2021-11-10,-0.0176,-176.17,16994.58
2021-11-11,0.0067,66.82,17061.39
2021-11-12,0.0054,53.96,17115.35
2021-11-15,-0.0048,-47.79,17067.56
2021-11-16,0.0036,35.97,17103.53
2021-11-17,-0.0024,-24.45,17079.08
2021-11-18,0.0247,246.64,17325.72
2021-11-19,0.0124,123.81,17449.53
2021-11-22,-0.0098,-98.39,17351.14
2021-11-23,-0.0033,-32.8,17318.34
2021-11-24,0.0073,72.76,17391.1
2021-11-25,0,0,17391.1
2021-11-26,-0.0153,-153.39,17237.7
2021-11-29,0.0207,206.85,17444.55
2021-11-30,-0.001,-9.7,17434.85
2021-12-01,-0.009,-89.66,17345.2
2021-12-02,0.0028,28.19,17373.38
2021-12-03,-0.014,-140.38,17233.01
2021-12-06,0.0052,52.27,17285.27
2021-12-07,0.0233,233.1,17518.38
2021-12-08,0.0001,1,17519.38
2021-12-09,-0.0101,-101.04,17418.34
2021-12-10,0.0094,94.47,17512.81
2021-12-13,-0.0184,-184.28,17328.53
2021-12-14,-0.0074,-74.19,17254.34
2021-12-15,0.0243,242.71,17497.04
2021-12-16,-0.0272,-271.66,17225.38
2021-12-17,-0.0067,-66.52,17158.86
2021-12-20,-0.0042,-41.55,17117.31
2021-12-21,0.0082,81.95,17199.26
2021-12-22,0.0191,190.59,17389.85
2021-12-23,0.0029,28.88,17418.74
2021-12-24,0,0,17418.74
2021-12-27,0.0182,182.29,17601.03
2021-12-28,-0.0061,-60.57,17540.46
2021-12-29,-0.0025,-24.93,17515.53
2021-12-30,-0.0049,-49.29,17466.24
2021-12-31,-0.0029,-29.12,17437.12
2022-01-03,0.0011,11.39,17448.51
2022-01-04,-0.0068,-68.1,17380.41
2022-01-05,-0.0255,-254.64,17125.77
2022-01-06,-0.001,-10.35,17115.42
2022-01-07,-0.0063,-62.93,17052.48
2022-01-10,0.0001,1.27,17053.75
2022-01-11,0.0083,83.2,17136.95
2022-01-12,0.0039,38.97,17175.92
2022-01-13,-0.0211,-210.74,16965.18
2022-01-14,0.0048,48.05,17013.23
2022-01-17,0,0,17013.23
2022-01-18,-0.0191,-190.63,16822.6
2022-01-19,-0.0031,-31.1,16791.5
2022-01-20,-0.0166,-165.63,16625.87
2022-01-21,-0.0115,-115.26,16510.62
2022-01-24,-0.0011,-10.91,16499.71
2022-01-25,-0.0169,-168.75,16330.96
2022-01-26,0.007,70.46,16401.42
2022-01-27,-0.0057,-56.65,16344.77
2022-01-28,0.028,279.91,16624.68
2022-01-31,0.0223,223.12,16847.8
2022-02-01,0,-0.41,16847.39
2022-02-02,0.0096,96.46,16943.85
2022-02-03,-0.0217,-216.8,16727.05
2022-02-04,0.0037,37.26,16764.31
2022-02-07,-0.0005,-4.66,16759.65
2022-02-08,0.0052,51.71,16811.36
2022-02-09,0.0221,221.48,17032.84
2022-02-10,-0.0198,-197.58,16835.26
2022-02-11,-0.0223,-222.86,16612.41
2022-02-14,0.0012,11.86,16624.26
2022-02-15,0.0271,271.07,16895.34
2022-02-16,-0.0005,-4.91,16890.43
2022-02-17,-0.0246,-245.68,16644.74
2022-02-18,-0.0111,-111.44,16533.3
2022-02-21,0,0,16533.3
2022-02-22,-0.0062,-61.51,16471.79
2022-02-23,-0.0202,-202.42,16269.37
2022-02-24,0.0254,253.67,16523.05
2022-02-25,0.0091,90.87,16613.91
2022-02-28,0.0045,45.05,16658.96
2022-03-01,-0.012,-120,16538.96
2022-03-02,0.0104,103.74,16642.7
2022-03-03,-0.0064,-64.39,16578.31
2022-03-04,-0.0149,-148.73,16429.58
2022-03-07,-0.0279,-279.02,16150.56
2022-03-08,-0.0041,-40.98,16109.59
2022-03-09,0.0174,173.75,16283.33
2022-03-10,0.0007,6.59,16289.92
2022-03-11,-0.0096,-96.12,16193.8
2022-03-14,-0.0225,-225.49,15968.31
2022-03-15,0.0306,306.49,16274.81
2022-03-16,0.0244,243.91,16518.71
2022-03-17,0.0055,54.69,16573.41
2022-03-18,0.0219,219.46,16792.86
2022-03-21,-0.0009,-8.63,16784.23
2022-03-22,0.0051,50.52,16834.75
2022-03-23,-0.0068,-68.35,16766.4
2022-03-24,0.0266,266.07,17032.47
2022-03-25,-0.0052,-51.82,16980.65
2022-03-28,0.0102,101.94,17082.59
2022-03-29,0.0123,122.96,17205.56
2022-03-30,-0.0074,-73.67,17131.89
2022-03-31,-0.011,-110.14,17021.75
2022-04-01,-0.0049,-48.55,16973.21
2022-04-04,0.0125,125.45,17098.66
2022-04-05,-0.0208,-207.8,16890.85
2022-04-06,-0.0235,-235.01,16655.84
2022-04-07,-0.0007,-6.83,16649.01
2022-04-08,-0.0068,-68.12,16580.89
2022-04-11,-0.0332,-331.96,16248.92
2022-04-12,-0.0037,-37.39,16211.53
2022-04-13,0.0153,152.51,16364.04
2022-04-14,-0.0232,-232.33,16131.71
2022-04-15,0,0,16131.71
2022-04-18,0.0042,41.95,16173.66
2022-04-19,0.0083,82.64,16256.31
2022-04-20,-0.0033,-33.02,16223.28
2022-04-21,-0.0195,-195.17,16028.11
2022-04-22,-0.0172,-172.25,15855.86
2022-04-25,0.0112,112.08,15967.94
2022-04-26,-0.0261,-261.1,15706.84
2022-04-27,0.0041,40.72,15747.55
2022-04-28,0.0274,273.82,16021.37
2022-04-29,-0.0299,-299.17,15722.19
2022-05-02,0.0138,138.1,15860.29
2022-05-03,0.0014,14.26,15874.55
2022-05-04,0.0244,243.58,16118.13
2022-05-05,-0.0384,-384.26,15733.87
2022-05-06,-0.0032,-32.5,15701.37
2022-05-09,-0.0311,-310.73,15390.65
2022-05-10,0.0145,144.61,15535.25
2022-05-11,-0.0268,-268.12,15267.13
2022-05-12,-0.0152,-151.8,15115.33
2022-05-13,0.0285,285.33,15400.66
2022-05-16,-0.0063,-62.52,15338.14
2022-05-17,0.0191,191.4,15529.54
2022-05-18,-0.0333,-332.71,15196.83
2022-05-19,-0.004,-39.56,15157.28
2022-05-20,-0.0022,-21.56,15135.71
2022-05-23,0.0169,169.01,15304.73
2022-05-24,-0.0112,-112.04,15192.69
2022-05-25,0.014,139.86,15332.54
2022-05-26,0.0172,172.32,15504.86
2022-05-27,0.0249,249.19,15754.05
2022-05-30,0.0009,9.35,15763.4
2022-05-31,-0.0064,-63.88,15699.52
2022-06-01,-0.0062,-62.23,15637.29
2022-06-02,0.0201,201.35,15838.64
2022-06-03,-0.0204,-204.1,15634.54
2022-06-06,-0.001,-9.85,15624.69
2022-06-07,0.0089,89.43,15714.12
2022-06-08,-0.0067,-67.29,15646.83
2022-06-09,-0.0126,-126.05,15520.77
2022-06-10,-0.0379,-379.2,15141.57
2022-06-13,-0.0376,-375.67,14765.9
2022-06-14,0.0038,38.27,14804.17
2022-06-15,0.022,220.14,15024.31
2022-06-16,-0.0229,-228.96,14795.35
2022-06-17,0.0081,80.54,14875.9
2022-06-20,0,0,14875.9
2022-06-21,0.019,189.65,15065.54
2022-06-22,-0.0003,-2.77,15062.77
2022-06-23,0.0076,75.6,15138.37
2022-06-24,0.0233,233.02,15371.39
2022-06-27,-0.0065,-64.71,15306.68
2022-06-28,-0.0237,-236.83,15069.85
2022-06-29,0.0008,8.22,15078.07
2022-06-30,-0.0088,-88.07,14990
2022-07-01,-0.0021,-20.74,14969.26
2022-07-04,0,0,14969.26
2022-07-05,0.012,119.62,15088.88
2022-07-06,0.0038,37.61,15126.48
2022-07-07,0.0154,154.17,15280.66
2022-07-08,-0.001,-9.83,15270.83
2022-07-11,0.004,40.42,15311.25
2022-07-12,-0.0064,-64.17,15247.09
2022-07-13,0.0008,8.06,15255.15
2022-07-14,0.0069,68.87,15324.01
2022-07-15,0.0106,106.21,15430.22
2022-07-18,-0.0229,-228.54,15201.68
2022-07-19,0.0257,256.85,15458.53
2022-07-20,0.0143,142.6,15601.13
2022-07-21,0.0075,74.86,15675.99
2022-07-22,-0.0082,-81.68,15594.31
2022-07-25,-0.0038,-37.58,15556.73
2022-07-26,-0.0173,-172.81,15383.92
2022-07-27,0.0375,375.01,15758.93
2022-07-28,0.0107,107.07,15866
2022-07-29,0.0117,117.23,15983.23
2022-08-01,0.0013,13.5,15996.73
2022-08-02,-0.0072,-72.27,15924.46
2022-08-03,0.0184,184.4,16108.86
2022-08-04,0.0047,46.68,16155.54
2022-08-05,-0.0068,-68.2,16087.34
2022-08-08,-0.0137,-136.77,15950.57
2022-08-09,0.0008,8.05,15958.61
2022-08-10,0.0118,118.37,16076.98
2022-08-11,-0.0023,-22.79,16054.2
2022-08-12,0.0176,176.21,16230.41
2022-08-15,0.0017,17.43,16247.83
2022-08-16,0.0007,6.79,16254.62
2022-08-17,-0.0068,-67.94,16186.68
2022-08-18,0.0218,218.44,16405.12
2022-08-19,-0.0185,-185.3,16219.82
2022-08-22,-0.0118,-117.71,16102.1
2022-08-23,-0.0087,-86.72,16015.38
2022-08-24,-0.0004,-4.44,16010.94
2022-08-25,0.0149,148.77,16159.71
2022-08-26,-0.0343,-343.43,15816.28
2022-08-29,-0.0116,-115.75,15700.53
2022-08-30,-0.0086,-85.57,15614.97
2022-08-31,-0.0049,-48.68,15566.29
2022-09-01,-0.0216,-215.64,15350.65
2022-09-02,-0.0092,-92.46,15258.19
2022-09-05,-0.0002,-2.01,15256.18
2022-09-06,-0.0096,-95.87,15160.31
2022-09-07,0.0123,123.29,15283.59
2022-09-08,0.0014,14.35,15297.95
2022-09-09,0.0141,140.52,15438.46
2022-09-12,-0.0046,-45.51,15392.95
2022-09-13,-0.0434,-434.39,14958.56
2022-09-14,0.0026,25.88,14984.43
2022-09-15,-0.013,-129.63,14854.8
2022-09-16,0.0013,12.5,14867.31
2022-09-19,0.0071,71.09,14938.39
2022-09-20,-0.0029,-28.87,14909.52
2022-09-21,-0.0061,-60.84,14848.68
2022-09-22,-0.0133,-133.3,14715.38
2022-09-23,-0.0086,-86.49,14628.89
2022-09-26,-0.0093,-92.59,14536.3
2022-09-27,0.0019,18.91,14555.2
2022-09-28,0.013,130.26,14685.46
2022-09-29,-0.0217,-217.03,14468.44
2022-09-30,-0.012,-120.07,14348.36
2022-10-03,0.021,209.58,14557.94
2022-10-04,0.0249,248.73,14806.67
2022-10-05,-0.0013,-13.01,14793.65
2022-10-06,-0.0066,-65.61,14728.05
2022-10-07,-0.0196,-196.14,14531.9
2022-10-10,-0.0278,-277.86,14254.04
2022-10-11,-0.0066,-65.83,14188.21
2022-10-12,-0.0019,-19.21,14169
2022-10-13,0.022,220.23,14389.23
2022-10-14,-0.0257,-256.56,14132.67
2022-10-17,0.0273,272.96,14405.64
2022-10-18,0.0047,46.52,14452.16
2022-10-19,-0.0049,-49.42,14402.74
2022-10-20,0.001,10.3,14413.04
2022-10-21,0.0163,163.28,14576.32
2022-10-24,0.009,89.69,14666.01
2022-10-25,0.021,209.61,14875.62
2022-10-26,-0.0235,-234.54,14641.08
2022-10-27,-0.0042,-41.87,14599.21
2022-10-28,0.0323,322.64,14921.85
2022-10-31,-0.0128,-128.37,14793.48
2022-11-01,-0.0066,-65.55,14727.93
2022-11-02,-0.0203,-202.74,14525.19
2022-11-03,-0.0126,-125.93,14399.26
2022-11-04,0.0191,190.95,14590.21
2022-11-07,0.0077,76.58,14666.79
2022-11-08,0.0072,71.85,14738.64
2022-11-09,-0.0213,-213.31,14525.32
2022-11-10,0.0543,542.82,15068.14
2022-11-11,0.0164,163.62,15231.76
2022-11-14,-0.0086,-85.65,15146.1
2022-11-15,0.0095,94.75,15240.85
2022-11-16,-0.0082,-81.55,15159.3
2022-11-17,-0.0016,-15.99,15143.3
2022-11-18,-0.0045,-44.62,15098.68
2022-11-21,-0.006,-59.72,15038.96
2022-11-22,0.0079,79.22,15118.18
2022-11-23,0.0217,216.89,15335.07
2022-11-24,0,0,15335.07
2022-11-25,-0.007,-69.57,15265.5
2022-11-28,-0.0167,-167.43,15098.07
2022-11-29,-0.0089,-88.86,15009.21
2022-11-30,0.0417,417.2,15426.42
2022-12-01,0.0054,53.88,15480.3
2022-12-02,-0.0022,-22.05,15458.25
2022-12-05,-0.0109,-109.33,15348.93
2022-12-06,-0.0157,-157.17,15191.76
2022-12-07,-0.0007,-6.97,15184.79
2022-12-08,0.0197,197.15,15381.94
2022-12-09,-0.007,-69.92,15312.02
2022-12-12,0.0154,153.52,15465.53
2022-12-13,0.0078,78.06,15543.59
2022-12-14,0.0003,3.31,15546.9
2022-12-15,-0.0251,-250.79,15296.1
2022-12-16,-0.0117,-116.52,15179.58
2022-12-19,-0.0124,-123.52,15056.06
2022-12-20,-0.001,-10.19,15045.88
2022-12-21,0.0108,108.4,15154.28
2022-12-22,-0.024,-240.12,14914.15
2022-12-23,-0.0028,-28.39,14885.77
2022-12-26,0,0,14885.77
2022-12-27,-0.0064,-64.33,14821.44
2022-12-28,-0.0087,-87.12,14734.32
2022-12-29,0.0052,52.26,14786.57
2022-12-30,-0.0018,-17.73,14768.84
2023-01-02,0,0,14768.84
2023-01-03,-0.0119,-118.94,14649.9
2023-01-04,0.0021,20.77,14670.67
2023-01-05,-0.0157,-157.45,14513.22
2023-01-06,0.0222,222.12,14735.34
2023-01-09,0.0148,148.29,14883.63
2023-01-10,0.0048,48.5,14932.13
2023-01-11,0.0142,141.85,15073.98
2023-01-12,0.0107,107.49,15181.47
2023-01-13,0.0062,62.45,15243.92
2023-01-16,0,0,15243.92
2023-01-17,0.0116,116.15,15360.07
2023-01-18,-0.0055,-54.9,15305.17
2023-01-19,-0.011,-110.22,15194.95
2023-01-20,0.0236,235.83,15430.78
2023-01-23,0.0211,210.5,15641.28
2023-01-24,0.0036,36.19,15677.47
2023-01-25,-0.0011,-11.4,15666.07
2023-01-26,0.0136,135.64,15801.72
2023-01-27,0.0081,80.74,15882.45
2023-01-30,-0.0219,-219.23,15663.23
2023-01-31,0.0121,121.32,15784.54
2023-02-01,0.0222,221.91,16006.45
2023-02-02,0.0236,235.62,16242.08
2023-02-03,-0.0036,-36.49,16205.59
2023-02-06,-0.0074,-73.88,16131.71
2023-02-07,0.016,159.77,16291.49
2023-02-08,-0.0035,-34.57,16256.92
2023-02-09,-0.0036,-36.32,16220.6
2023-02-10,-0.0112,-111.83,16108.77
2023-02-13,0.0159,159.1,16267.88
2023-02-14,0.0095,95.49,16363.36
2023-02-15,-0.0017,-17.22,16346.15
2023-02-16,-0.0153,-153.42,16192.73
2023-02-17,-0.0095,-94.69,16098.04
2023-02-20,0,0,16098.04
2023-02-21,-0.0201,-200.9,15897.14
2023-02-22,0.0013,13.36,15910.5
2023-02-23,0.0324,323.77,16234.27
2023-02-24,-0.0137,-137.49,16096.78
2023-02-27,0.0057,57.46,16154.25
2023-02-28,-0.0037,-36.95,16117.3
2023-03-01,-0.0113,-113.46,16003.84
2023-03-02,0.0086,85.75,16089.58
2023-03-03,0.0177,176.91,16266.49
2023-03-06,0.0023,23.01,16289.5
2023-03-07,-0.0095,-94.97,16194.53
2023-03-08,0.0087,86.54,16281.07
2023-03-09,-0.0082,-81.52,16199.55
2023-03-10,-0.0062,-62.46,16137.08
2023-03-13,0.0103,102.7,16239.79
2023-03-14,0.0065,64.69,16304.48
2023-03-15,0.0171,171.18,16475.66
2023-03-16,0.0215,214.81,16690.46
2023-03-17,0.0056,55.6,16746.07
2023-03-20,-0.0019,-19.41,16726.65
2023-03-21,0.0059,58.71,16785.36
2023-03-22,0.003,29.62,16814.98
2023-03-23,0.0106,105.83,16920.81
2023-03-24,0.0013,12.51,16933.33
2023-03-27,-0.0105,-105.47,16827.85
2023-03-28,-0.003,-29.87,16797.98
2023-03-29,0.0125,124.75,16922.74
2023-03-30,0.0087,87.26,17010
2023-03-31,0.0096,95.78,17105.78
2023-04-03,0.0036,36.34,17142.11
2023-04-04,-0.0024,-23.74,17118.38
2023-04-05,-0.0083,-82.8,17035.58
2023-04-06,0.0059,59.37,17094.95
2023-04-07,0,0,17094.95
2023-04-10,-0.0016,-15.63,17079.32
2023-04-11,-0.0088,-88.45,16990.88
2023-04-12,-0.0041,-40.58,16950.3
2023-04-13,0.0109,108.79,17059.09
2023-04-14,-0.0022,-21.8,17037.29
2023-04-17,0.0013,12.59,17049.88
2023-04-18,0.0075,75.08,17124.96
2023-04-19,0.0029,28.74,17153.7
2023-04-20,-0.0014,-14.27,17139.43
2023-04-21,-0.0027,-27.14,17112.29
2023-04-24,-0.0012,-12.37,17099.92
2023-04-25,-0.0166,-166.28,16933.64
2023-04-26,0.0189,188.55,17122.19
2023-04-27,0.013,130.05,17252.24
2023-04-28,0.0085,84.6,17336.85
2023-05-01,0.0033,33.36,17370.21
2023-05-02,-0.0033,-32.61,17337.6
2023-05-03,-0.0026,-26.28,17311.32
2023-05-04,-0.0043,-43.06,17268.26
2023-05-05,0.02,199.84,17468.1
2023-05-08,0.0003,2.53,17470.63
2023-05-09,-0.0073,-73.15,17397.48
2023-05-10,0.0097,97.11,17494.59
2023-05-11,-0.0033,-33.3,17461.29
2023-05-12,-0.0064,-63.71,17397.58
2023-05-15,0.0042,42.14,17439.72
2023-05-16,0.0026,25.74,17465.45
2023-05-17,0.0074,74.4,17539.85
2023-05-18,0.0142,141.55,17681.4
2023-05-19,-0.0033,-33.1,17648.3
2023-05-22,-0.0001,-0.99,17647.31
2023-05-23,-0.0095,-95.24,17552.07
2023-05-24,-0.0032,-32.36,17519.71
2023-05-25,0.0079,79.26,17598.98
2023-05-26,0.0125,124.52,17723.5
2023-05-29,0,0,17723.5
2023-05-30,0.0091,90.77,17814.27
2023-05-31,-0.0121,-120.59,17693.68
2023-06-01,0.0171,170.69,17864.37
2023-06-02,-0.0021,-20.7,17843.68
2023-06-05,-0.002,-20.36,17823.31
2023-06-06,-0.004,-40.46,17782.86
2023-06-07,-0.0154,-154.2,17628.66
2023-06-08,0.0123,123.38,17752.05
2023-06-09,0.0011,10.94,17762.99
2023-06-12,0.0113,113.42,17876.41
2023-06-13,0.0073,73.43,17949.85
2023-06-14,0.0125,124.53,18074.38
2023-06-15,0.01,100.04,18174.42
2023-06-16,-0.0052,-52.44,18121.98
2023-06-19,0,0,18121.98
2023-06-20,0.0034,33.94,18155.92
2023-06-21,-0.0059,-59.01,18096.91
2023-06-22,0.0054,53.92,18150.83
2023-06-23,-0.0069,-69.36,18081.47
2023-06-26,-0.0125,-124.63,17956.84
2023-06-27,0.0131,131.37,18088.21
2023-06-28,-0.0016,-16.22,18071.99
2023-06-29,-0.0039,-38.91,18033.08
2023-06-30,0.0159,158.55,18191.63
2023-07-03,-0.0037,-36.68,18154.95
2023-07-04,0,0,18154.95
2023-07-05,-0.0029,-28.57,18126.38
2023-07-06,-0.0006,-6.38,18120
2023-07-07,-0.0007,-6.72,18113.28
2023-07-10,-0.006,-60.35,18052.93
2023-07-11,0.0015,15.18,18068.11
2023-07-12,0.0151,150.7,18218.81
2023-07-13,0.0163,162.98,18381.79
2023-07-14,-0.002,-19.88,18361.91
2023-07-17,0.0084,84.36,18446.28
2023-07-18,0.0124,123.71,18569.98
2023-07-19,-0.0018,-18.49,18551.5
2023-07-20,-0.0157,-157.18,18394.32
2023-07-21,-0.0081,-81.22,18313.1
2023-07-24,0.0024,24.27,18337.37
2023-07-25,0.0088,87.64,18425.01
2023-07-26,-0.0066,-66.43,18358.58
2023-07-27,-0.007,-69.82,18288.76
2023-07-28,0.0122,122.05,18410.81
2023-07-31,-0.0005,-5.31,18405.49
2023-08-01,-0.0044,-43.52,18361.97
2023-08-02,-0.0196,-195.99,18165.98
2023-08-03,-0.0029,-29.13,18136.85
2023-08-04,-0.0048,-47.65,18089.2
2023-08-07,0.0013,13.45,18102.65
2023-08-08,-0.004,-40.3,18062.35
2023-08-09,-0.0134,-133.67,17928.68
2023-08-10,-0.0025,-25.13,17903.55
2023-08-11,-0.0105,-105,17798.55
2023-08-14,0.0177,177.46,17976.01
2023-08-15,-0.0035,-35.29,17940.72
2023-08-16,-0.0047,-46.68,17894.04
2023-08-17,-0.0061,-61.12,17832.92
2023-08-18,0.0008,7.86,17840.78
2023-08-21,0.0204,204.05,18044.84
2023-08-22,-0.0042,-41.96,18002.87
2023-08-23,0.0173,173.48,18176.35
2023-08-24,-0.011,-109.68,18066.67
2023-08-25,-0.0006,-6.12,18060.55
2023-08-28,0.0064,63.92,18124.48
2023-08-29,0.0185,184.62,18309.1
2023-08-30,0.0059,59.1,18368.19
2023-08-31,-0.0005,-5.1,18363.1
2023-09-01,-0.0035,-35.18,18327.92
2023-09-04,0,0,18327.92
2023-09-05,0.0008,8.44,18336.36
2023-09-06,-0.014,-139.81,18196.55
2023-09-07,-0.0102,-101.76,18094.79
2023-09-08,0.0006,6,18100.79
2023-09-11,0.0015,14.64,18115.43
2023-09-12,-0.0074,-74.07,18041.36
2023-09-13,0.0025,24.92,18066.27
2023-09-14,0.0024,23.82,18090.09
2023-09-15,-0.013,-129.56,17960.53
2023-09-18,0.0034,34.39,17994.92
2023-09-19,-0.0019,-19.38,17975.54
2023-09-20,-0.0148,-148.33,17827.2
2023-09-21,-0.0104,-103.74,17723.47
2023-09-22,0.0036,35.56,17759.03
2023-09-25,0.0014,14.41,17773.43
2023-09-26,-0.0099,-99.31,17674.12
2023-09-27,-0.0007,-6.85,17667.27
2023-09-28,0.0056,56.16,17723.43
2023-09-29,0.0036,35.71,17759.14
2023-10-02,0.0088,88.38,17847.52
2023-10-03,-0.0148,-147.6,17699.92
2023-10-04,0.0095,95.1,17795.02
2023-10-05,0.0048,48.42,17843.44
2023-10-06,0.0125,124.78,17968.22
2023-10-09,0.0042,42.18,18010.41
2023-10-10,0.0005,5.16,18015.56
2023-10-11,0.0098,98.24,18113.8
2023-10-12,-0.0027,-27.18,18086.62
2023-10-13,-0.0091,-91.49,17995.13
2023-10-16,0.005,49.53,18044.67
2023-10-17,-0.0136,-136.35,17908.31
2023-10-18,-0.0129,-129.12,17779.19
2023-10-19,-0.0004,-3.62,17775.58
2023-10-20,-0.008,-80.41,17695.17
2023-10-23,0.0115,115.13,17810.3
2023-10-24,0.0046,45.92,17856.23
2023-10-25,-0.0074,-74.08,17782.15
2023-10-26,-0.0173,-173.43,17608.71
2023-10-27,0.0035,35.11,17643.82
2023-10-30,0.0096,95.56,17739.38
2023-10-31,-0.001,-10.03,17729.34
2023-11-01,0.0185,184.63,17913.97
2023-11-02,0.0128,128.2,18042.17
2023-11-03,0.0112,112.01,18154.18
2023-11-06,0.0068,68.27,18222.45
2023-11-07,0.0077,76.53,18298.98
2023-11-08,0.0063,63.32,18362.29
2023-11-09,-0.0028,-27.82,18334.47
2023-11-10,0.0159,159.37,18493.84
2023-11-13,-0.0022,-21.66,18472.17
2023-11-14,0.0147,147.3,18619.48
2023-11-15,-0.0056,-55.95,18563.53
2023-11-16,0.0103,103.15,18666.68
2023-11-17,-0.0035,-35.09,18631.58
2023-11-20,0.0109,109.36,18740.94
2023-11-21,-0.0047,-47.12,18693.82
2023-11-22,-0.0013,-13.38,18680.44
2023-11-23,0,0,18680.44
2023-11-24,-0.0069,-68.63,18611.81
2023-11-27,0.005,49.81,18661.63
2023-11-28,0.0024,23.79,18685.41
2023-11-29,-0.0003,-2.89,18682.53
2023-11-30,-0.007,-69.51,18613.02
2023-12-01,0.0008,7.69,18620.72
2023-12-04,-0.0122,-121.71,18499.01
2023-12-05,0.0127,126.93,18625.93
2023-12-06,-0.007,-69.57,18556.36
2023-12-07,0.0081,81.21,18637.57
2023-12-08,0.0056,56.47,18694.04
2023-12-11,-0.0078,-78.25,18615.8
2023-12-12,0.0086,85.59,18701.38
2023-12-13,0.0098,98.29,18799.67
2023-12-14,-0.0008,-8.04,18791.63
2023-12-15,0.0027,27.05,18818.69
2023-12-18,0.0036,35.95,18854.64
2023-12-19,0.0008,7.65,18862.29
2023-12-20,-0.0094,-93.79,18768.5
2023-12-21,0.006,59.67,18828.17
2023-12-22,-0.0016,-16,18812.17
2023-12-25,0,0,18812.17
2023-12-26,0.0019,19.25,18831.42
2023-12-27,0.0032,31.74,18863.17
2023-12-28,0.0008,8.35,18871.51
2023-12-29,-0.0022,-21.54,18849.97
2024-01-01,0,0,18849.97
2024-01-02,-0.0177,-176.89,18673.08
2024-01-03,-0.004,-39.82,18633.26
2024-01-04,-0.0034,-33.82,18599.44
2024-01-05,0.003,29.76,18629.2
2024-01-08,0.0226,225.71,18854.91
2024-01-09,0.0035,34.8,18889.71
2024-01-10,0.0097,97.42,18987.13
2024-01-11,0.0038,37.65,19024.78
2024-01-12,0.0016,15.88,19040.66
2024-01-15,0,0,19040.66
2024-01-16,0.0023,23.28,19063.94
2024-01-17,-0.0034,-34.39,19029.55
2024-01-18,0.0123,122.81,19152.36
2024-01-19,0.0139,139.4,19291.76
2024-01-22,0.0024,24.38,19316.14
2024-01-23,0.0025,25.41,19341.54
2024-01-24,0.0054,54.42,19395.96
2024-01-25,0.0021,20.89,19416.85
2024-01-26,-0.0036,-35.92,19380.93
2024-01-29,0.0071,71.44,19452.38
2024-01-30,-0.0029,-28.61,19423.76
2024-01-31,-0.0118,-118.43,19305.33
2024-02-01,0.0124,124.06,19429.39
2024-02-02,0.0089,88.71,19518.1
2024-02-05,0.0054,54.49,19572.59
2024-02-06,0.0009,9.47,19582.06
2024-02-07,0.0092,92.39,19674.45
2024-02-08,-0.0034,-33.53,19640.91
2024-02-09,0.0107,107.32,19748.24
2024-02-12,-0.0039,-39.22,19709.02
2024-02-13,-0.0106,-105.84,19603.18
2024-02-14,0.0068,68.4,19671.57
2024-02-15,-0.0035,-34.57,19637
2024-02-16,-0.004,-40.08,19596.92
2024-02-19,0,0,19596.92
2024-02-20,-0.0099,-98.77,19498.15
2024-02-21,-0.0061,-60.63,19437.52
2024-02-22,0.04,400.2,19837.72
2024-02-23,-0.0008,-8.17,19829.55
2024-02-26,-0.0028,-28.17,19801.38
2024-02-27,0.0002,2.06,19803.44
2024-02-28,-0.0033,-32.63,19770.81
2024-02-29,0.0064,63.93,19834.75
2024-03-01,0.0083,82.62,19917.37
2024-03-04,0.002,20.27,19937.64
2024-03-05,-0.0083,-82.79,19854.85
2024-03-06,0.0054,53.81,19908.67
2024-03-07,0.013,129.59,20038.26
2024-03-08,-0.0102,-101.98,19936.28
2024-03-11,-0.0028,-28.28,19908
2024-03-12,0.0194,194.29,20102.29
2024-03-13,-0.0053,-52.82,20049.46
2024-03-14,-0.0013,-13.33,20036.13
2024-03-15,-0.0048,-48.37,19987.77
2024-03-18,0.0028,28.09,20015.86
2024-03-19,0.0075,75.45,20091.31
2024-03-20,0.0075,75.42,20166.73
2024-03-21,-0.0037,-36.63,20130.1
2024-03-22,0.0071,70.61,20200.71
2024-03-25,-0.0034,-34.49,20166.22
2024-03-26,-0.0067,-67.36,20098.85
2024-03-27,0.0001,1.29,20100.14
2024-03-28,-0.0026,-25.72,20074.42
2024-03-29,0,0,20074.42
2024-04-01,-0.0038,-38.5,20035.92
2024-04-02,-0.0042,-41.7,19994.22
2024-04-03,-0.0004,-4.2,19990.02
2024-04-04,-0.0084,-83.69,19906.33
2024-04-05,0.008,79.88,19986.21
2024-04-08,-0.0031,-31.23,19954.98
2024-04-09,-0.0008,-8.16,19946.81
2024-04-10,-0.0051,-51.1,19895.71
2024-04-11,0.0191,191.5,20087.21
2024-04-12,-0.0068,-68.27,20018.94
2024-04-15,-0.0151,-150.68,19868.26
2024-04-16,-0.0009,-9.26,19859
2024-04-17,-0.0084,-83.53,19775.47
2024-04-18,-0.0051,-51.02,19724.45
2024-04-19,-0.0237,-237.39,19487.06
2024-04-22,0.0108,108.43,19595.49
2024-04-23,0.0125,124.98,19720.47
2024-04-24,-0.0042,-41.61,19678.85
2024-04-25,0.0027,26.86,19705.71
2024-04-26,0.016,159.85,19865.56
2024-04-29,0.0039,39.16,19904.73
2024-04-30,-0.0144,-144.01,19760.72
2024-05-01,-0.006,-59.79,19700.92
2024-05-02,0.0139,139.25,19840.17
2024-05-03,0.0258,257.89,20098.06
2024-05-06,0.0093,93.27,20191.33
2024-05-07,-0.0041,-41,20150.33
2024-05-08,-0.0009,-8.98,20141.35
2024-05-09,0.0007,6.93,20148.28
2024-05-10,0.0015,14.51,20162.79
2024-05-13,0.0044,43.5,20206.3
2024-05-14,0.0055,55.42,20261.71
2024-05-15,0.0156,156.47,20418.18
2024-05-16,-0.0018,-17.72,20400.46
2024-05-17,-0.0053,-52.82,20347.65
2024-05-20,0.0084,83.69,20431.34
2024-05-21,0.005,49.57,20480.91
2024-05-22,-0.003,-30.29,20450.61
2024-05-23,0.012,119.57,20570.19
2024-05-24,0.0103,102.84,20673.03
2024-05-27,0.0009,9.26,20682.29
2024-05-28,0.0126,126.44,20808.73
2024-05-29,-0.0007,-6.75,20801.98
2024-05-30,-0.0118,-118.21,20683.76
2024-05-31,0.0006,6.18,20689.94
2024-06-03,0.0127,126.69,20816.63
2024-06-04,0.0052,51.52,20868.15
2024-06-05,0.0166,166.13,21034.28
2024-06-06,-0.0034,-34.39,20999.9
2024-06-07,-0.0016,-15.83,20984.06
2024-06-10,-0.0007,-6.92,20977.14
2024-06-11,0.0154,154.33,21131.47
2024-06-12,0.019,190.45,21321.91
2024-06-13,0.009,89.63,21411.55
2024-06-14,0.0026,26.24,21437.79
2024-06-17,0.0041,41.18,21478.97
2024-06-18,0.005,49.98,21528.95
2024-06-19,0,0,21528.95
2024-06-20,-0.0122,-121.91,21407.04
2024-06-21,-0.0067,-66.66,21340.38
2024-06-24,-0.0134,-134.34,21206.04
2024-06-25,0.0158,158.41,21364.45
2024-06-26,0.0037,36.78,21401.23
2024-06-27,-0.0022,-22.18,21379.05
2024-06-28,-0.0081,-80.59,21298.46
2024-07-01,0.0089,88.93,21387.39
2024-07-02,0.0027,27.39,21414.79
2024-07-03,0.0135,135.08,21549.86
2024-07-04,0,0,21549.86
2024-07-05,0.005,49.66,21599.52
2024-07-08,0.0046,46.02,21645.54
2024-07-09,0.0026,25.65,21671.2
2024-07-10,0.0124,123.62,21794.82
2024-07-11,-0.0183,-182.69,21612.13
2024-07-12,0.0058,58.18,21670.31
2024-07-15,0.0013,12.55,21682.86
2024-07-16,-0.0036,-36.13,21646.73
2024-07-17,-0.0208,-207.63,21439.1
2024-07-18,-0.0011,-10.95,21428.15
2024-07-19,-0.0072,-71.95,21356.2
2024-07-22,0.0117,117.47,21473.67
2024-07-23,0.0002,2.32,21475.99
2024-07-24,-0.0284,-283.64,21192.35
2024-07-25,-0.0085,-84.77,21107.58
2024-07-26,0.0071,71.03,21178.62
2024-07-29,-0.0021,-20.86,21157.75
2024-07-30,-0.0151,-150.55,21007.2
2024-07-31,0.0281,280.74,21287.94
2024-08-01,-0.017,-169.58,21118.36
2024-08-02,-0.002,-20.3,21098.06
2024-08-05,-0.0282,-282.02,20816.04
2024-08-06,0.0052,51.69,20867.73
2024-08-07,-0.0092,-92.39,20775.35
2024-08-08,0.0173,172.66,20948
2024-08-09,0.005,50.4,20998.41
2024-08-12,0.0102,102.47,21100.88
2024-08-13,0.0222,221.61,21322.49
2024-08-14,0.0057,56.64,21379.13
2024-08-15,0.0115,115.47,21494.59
2024-08-16,0.0035,34.88,21529.48
2024-08-19,0.0113,112.61,21642.09
2024-08-20,-0.0012,-12.32,21629.76
2024-08-21,0.003,30.25,21660.01
2024-08-22,-0.0152,-152.25,21507.76
2024-08-23,0.014,140.31,21648.07
2024-08-26,-0.0061,-60.5,21587.56
2024-08-27,0.0039,39.17,21626.73
2024-08-28,-0.0083,-82.71,21544.02
2024-08-29,-0.009,-90.16,21453.87
2024-08-30,0.0027,26.69,21480.55
2024-09-02,0.0009,9.09,21489.64
2024-09-03,-0.0288,-287.55,21202.1
2024-09-04,-0.0031,-30.78,21171.32
2024-09-05,0.0038,37.93,21209.25
2024-09-06,-0.0125,-124.64,21084.6
2024-09-09,0.0087,87.06,21171.67
2024-09-10,0.0074,74.36,21246.02
2024-09-11,0.0228,227.97,21473.99
2024-09-12,0.0064,64.29,21538.28
2024-09-13,0.002,19.92,21558.21
2024-09-16,-0.0084,-83.95,21474.26
2024-09-17,-0.0001,-1.31,21472.95
2024-09-18,-0.0032,-31.8,21441.15
2024-09-19,0.0199,199.4,21640.55
2024-09-20,-0.0056,-55.83,21584.72
2024-09-23,-0.0029,-28.88,21555.84
2024-09-24,0.008,80.38,21636.22
2024-09-25,0.0028,28.14,21664.36
2024-09-26,0.0025,24.64,21689
2024-09-27,-0.0047,-46.85,21642.15
2024-09-30,0.0041,41.33,21683.48
2024-10-01,-0.0177,-177.26,21506.22
2024-10-02,0.0005,4.51,21510.73
2024-10-03,0.0043,42.52,21553.25
2024-10-04,0.0022,22.03,21575.27
2024-10-07,-0.0042,-41.78,21533.49
2024-10-08,0.0148,148.13,21681.63
2024-10-09,0.0026,26.14,21707.77
2024-10-10,0.0019,18.64,21726.41
2024-10-11,-0.001,-9.95,21716.46
2024-10-14,0.0092,92.31,21808.77
2024-10-15,-0.0062,-61.51,21747.26
2024-10-16,0.0036,36.3,21783.57
2024-10-17,0,0.02,21783.59
2024-10-18,0.0058,58.46,21842.06
2024-10-21,0.0068,68.34,21910.4
2024-10-22,0.0035,35.39,21945.78
2024-10-23,-0.0121,-120.58,21825.2
2024-10-24,0.0017,16.93,21842.13
2024-10-25,0.0033,33.41,21875.54
2024-10-28,-0.0009,-9.37,21866.17
2024-10-29,0.0041,41.19,21907.36
2024-10-30,-0.0049,-48.7,21858.66
2024-10-31,-0.0253,-252.53,21606.13
2024-11-01,0.0002,2.49,21608.62
2024-11-04,0.0014,14.06,21622.68
2024-11-05,0.0091,91.44,21714.12
2024-11-06,0.0075,75.5,21789.62
2024-11-07,0.0145,144.74,21934.36
2024-11-08,-0.0039,-39.02,21895.34
2024-11-11,-0.0084,-84.31,21811.03
2024-11-12,0.0039,38.99,21850.02
2024-11-13,-0.001,-9.66,21840.36
2024-11-14,0.0032,31.53,21871.89
2024-11-15,-0.0149,-148.76,21723.13
2024-11-18,0.0017,17.02,21740.15
2024-11-19,0.0114,114.24,21854.39
2024-11-20,-0.0032,-32.44,21821.95
2024-11-21,-0.0008,-7.64,21814.3
2024-11-22,-0.004,-39.92,21774.39
2024-11-25,-0.0012,-12.26,21762.13
2024-11-26,0.0071,71.42,21833.55
2024-11-27,-0.003,-29.81,21803.74
2024-11-28,0,0,21803.74
2024-11-29,0.0077,77.5,21881.24
2024-12-02,0.0042,41.55,21922.79
2024-12-03,0.0044,44.32,21967.11
2024-12-04,0.0111,111.13,22078.24
2024-12-05,0.0033,33.05,22111.29
2024-12-06,-0.0025,-25,22086.29
2024-12-09,-0.0016,-16.48,22069.81
2024-12-10,-0.0071,-70.75,21999.06
2024-12-11,0.0071,71.01,22070.07
2024-12-12,-0.0026,-25.98,22044.1
2024-12-13,-0.0065,-65.11,21978.99
2024-12-16,0.0012,12.01,21991
2024-12-17,0.0008,7.76,21998.76
2024-12-18,-0.0183,-182.64,21816.12
2024-12-19,0.0032,32.11,21848.23
2024-12-20,0.0105,105.25,21953.48
2024-12-23,0.0064,64.46,22017.94
2024-12-24,0.0053,52.99,22070.93
2024-12-25,0,0,22070.93
2024-12-26,-0.0001,-1.17,22069.76
2024-12-27,-0.0109,-109.02,21960.75
2024-12-30,-0.0034,-34.2,21926.54
2024-12-31,-0.008,-80.05,21846.49
2025-01-01,0,0,21846.49
2025-01-02,-0.0016,-15.76,21830.73
2025-01-03,0.0105,104.75,21935.48
2025-01-06,0.011,110.01,22045.49
2025-01-07,-0.0193,-192.89,21852.6
2025-01-08,0.0017,17.41,21870.01
2025-01-09,0,0,21870.01
2025-01-10,-0.0161,-161.09,21708.92
2025-01-13,-0.0071,-71.34,21637.58
2025-01-14,-0.0028,-28.17,21609.41
2025-01-15,0.0185,184.52,21793.93
2025-01-16,-0.0122,-121.6,21672.33
2025-01-17,0.0098,98.02,21770.36
2025-01-20,0.001,9.71,21780.07
2025-01-21,-0.0011,-11.08,21768.98
2025-01-22,0.0175,174.83,21943.81
2025-01-23,-0.0002,-2.14,21941.67
2025-01-24,-0.0068,-67.65,21874.01
2025-01-27,-0.0302,-301.89,21572.12
2025-01-28,0.0299,299.33,21871.45
2025-01-29,-0.0096,-96.41,21775.04
2025-01-30,-0.0119,-118.74,21656.3
2025-01-31,-0.0093,-92.68,21563.62
2025-02-03,-0.0161,-161.16,21402.46
2025-02-04,0.0098,98.46,21500.92
2025-02-05,0.0122,121.82,21622.74
2025-02-06,0.0077,77.31,21700.05
2025-02-07,-0.0078,-78.23,21621.82
2025-02-10,0.0071,70.61,21692.43
2025-02-11,0.0031,31.29,21723.72
2025-02-12,-0.0016,-15.86,21707.87
2025-02-13,0.0138,137.57,21845.44
2025-02-14,0.0079,78.86,21924.3
2025-02-17,0,0,21924.3
2025-02-18,-0.0009,-8.71,21915.59
2025-02-19,0.003,30.2,21945.78
2025-02-20,0.0041,41.27,21987.05
2025-02-21,-0.0109,-108.51,21878.54
2025-02-24,-0.0065,-64.54,21814
2025-02-25,-0.0068,-68.08,21745.92
2025-02-26,0.0033,33.42,21779.34
2025-02-27,-0.0245,-245.12,21534.22
2025-02-28,0.0154,153.75,21687.97
2025-03-03,-0.0241,-241.31,21446.66
2025-03-04,0.0019,18.78,21465.44
2025-03-05,0.0093,93.4,21558.84
2025-03-06,-0.0142,-141.87,21416.97
2025-03-07,0.0048,48.44,21465.41
2025-03-10,-0.0251,-250.83,21214.58
2025-03-11,-0.0025,-24.94,21189.63
2025-03-12,0.0099,99.39,21289.02
2025-03-13,-0.0084,-84.37,21204.66
2025-03-14,0.0187,187.32,21391.98
2025-03-17,-0.0026,-25.71,21366.27
2025-03-18,-0.0104,-104.45,21261.82
2025-03-19,0.0091,91.45,21353.27
2025-03-20,0.0003,3.36,21356.63
2025-03-21,0.0035,34.98,21391.61
2025-03-24,0.0083,83.34,21474.95
2025-03-25,0.0029,28.83,21503.79
2025-03-26,-0.0168,-168.26,21335.52
2025-03-27,-0.0018,-18.42,21317.1
2025-03-28,-0.0128,-127.65,21189.45
2025-03-31,0.0003,3.07,21192.52
2025-04-01,0.008,79.65,21272.17
2025-04-02,0.0017,16.84,21289.01
2025-04-03,-0.0354,-354.17,20934.84
2025-04-04,-0.037,-370.35,20564.49
2025-04-07,-0.0061,-60.95,20503.54
2025-04-08,-0.0152,-151.93,20351.6
2025-04-09,0.089,890.46,21242.06
2025-04-10,-0.0255,-255.27,20986.8
2025-04-11,0.0196,195.66,21182.46
2025-04-14,0.0046,45.7,21228.16
2025-04-15,0.0019,18.58,21246.74
2025-04-16,-0.027,-270.15,20976.59
2025-04-17,-0.0058,-57.78,20918.81
2025-04-18,0,0,20918.81
2025-04-21,-0.0185,-185.45,20733.36
2025-04-22,0.0149,148.73,20882.09
2025-04-23,0.0166,165.81,21047.9
2025-04-24,0.0204,203.69,21251.59
2025-04-25,0.0129,129.29,21380.88
2025-04-28,-0.0028,-28.17,21352.71
2025-04-29,0.0038,37.53,21390.24
2025-04-30,0.0005,5.08,21395.32
2025-05-01,0.0192,191.74,21587.06
2025-05-02,0.0009,8.88,21595.94
2025-05-05,-0.0076,-75.91,21520.03
2025-05-06,-0.0006,-5.64,21514.39
2025-05-07,0.0035,35.24,21549.63
2025-05-08,0.0016,15.74,21565.37
2025-05-09,0.0004,3.89,21569.26
2025-05-12,0.0261,261.33,21830.59
2025-05-13,0.0138,138.38,21968.97
2025-05-14,0.0086,85.93,22054.9
2025-05-15,0.0002,2.01,22056.92
2025-05-16,0.0014,13.53,22070.45
2025-05-19,-0.0002,-1.64,22068.82
2025-05-20,-0.0035,-35.29,22033.52
2025-05-21,-0.0129,-128.66,21904.86
2025-05-22,0.0027,27.2,21932.06
2025-05-23,-0.0091,-91.08,21840.98
2025-05-26,0,0,21840.98
2025-05-27,0.0166,166.22,22007.21
2025-05-28,-0.0028,-28.07,21979.14
2025-05-29,0.0086,85.99,22065.13
2025-05-30,-0.0043,-43.42,22021.7
2025-06-02,0.004,39.87,22061.57
2025-06-03,0.0074,73.65,22135.22
2025-06-04,0.0027,27.23,22162.45
2025-06-05,-0.004,-40.02,22122.43
2025-06-06,0.0054,53.72,22176.15
2025-06-09,0.0002,2.39,22178.54
2025-06-10,0.003,29.8,22208.34
2025-06-11,-0.0028,-27.95,22180.39
2025-06-12,0.0081,80.78,22261.17
2025-06-13,-0.0096,-96.41,22164.76
2025-06-16,0.007,69.85,22234.61
2025-06-17,-0.004,-39.91,22194.7
2025-06-18,0.004,39.83,22234.53
2025-06-19,0,0,22234.53
2025-06-20,0.0013,13.48,22248.01
2025-06-23,0.006,60.26,22308.27
2025-06-24,0.0069,68.94,22377.21
2025-06-25,0.0116,116.39,22493.6
2025-06-26,0.0033,32.89,22526.49
2025-06-27,0.0021,21.47,22547.96
2025-06-30,0.007,70.34,22618.3
2025-07-01,-0.0067,-67.49,22550.81
2025-07-02,0.0088,88.45,22639.26
2025-07-03,0.0063,62.51,22701.78
2025-07-04,0,0,22701.78
2025-07-07,-0.0071,-71.15,22630.62
2025-07-08,0.0017,17.17,22647.8
2025-07-09,0.0087,87.05,22734.85
2025-07-10,0.0018,18.03,22752.88
2025-07-11,-0.0007,-6.93,22745.95
2025-07-14,-0.0036,-35.86,22710.09
2025-07-15,0.0079,79.23,22789.32
2025-07-16,0.0021,21.4,22810.71
2025-07-17,0.0043,42.97,22853.68
2025-07-18,0.0003,3.29,22856.97
2025-07-21,0.0017,17.28,22874.25
2025-07-22,-0.0037,-37.13,22837.12
2025-07-23,0.0038,38.25,22875.37
2025-07-24,0.0049,49,22924.37
2025-07-25,0.0006,5.85,22930.21
2025-07-28,0.0022,21.83,22952.05
2025-07-29,-0.0032,-32.18,22919.87
2025-07-30,0.0007,7.25,22927.12
2025-07-31,0.0051,50.69,22977.81
2025-08-01,-0.0099,-98.51,22879.3
2025-08-04,0.0128,128.31,23007.61
2025-08-05,-0.0052,-52.12,22955.49
2025-08-06,0.0112,111.59,23067.08
2025-08-07,0.0061,60.6,23127.68
2025-08-08,0.0096,96.38,23224.06
2025-08-11,-0.0025,-24.84,23199.22
2025-08-12,0.0071,71.08,23270.3
2025-08-13,-0.0007,-6.91,23263.39
2025-08-14,-0.001,-9.68,23253.71
2025-08-15,-0.0032,-32.24,23221.47
2025-08-18,-0.0004,-3.89,23217.57
2025-08-19,-0.0104,-103.98,23113.59
2025-08-20,-0.0048,-47.65,23065.94
2025-08-21,-0.0036,-35.98,23029.96
2025-08-22,0.0097,97.01,23126.97
2025-08-25,-0.001,-9.6,23117.37
2025-08-26,0.0036,35.55,23152.92
2025-08-27,0.003,30.16,23183.08
2025-08-28,0.0026,25.9,23208.98
2025-08-29,-0.0086,-85.6,23123.38
2025-09-01,0,0,23123.38
2025-09-02,-0.0092,-92.43,23030.96
2025-09-03,0.0095,94.76,23125.72
2025-09-04,0.0046,45.64,23171.36
2025-09-05,-0.0092,-91.72,23079.63
2025-09-08,0.0032,32.01,23111.64
2025-09-09,-0.0014,-14.17,23097.47
2025-09-10,0.0026,26.28,23123.75
2025-09-11,0.0035,35,23158.75
2025-09-12,0.0075,75.27,23234.02
2025-09-15,0.0057,56.72,23290.74
2025-09-16,-0.0035,-34.9,23255.84
2025-09-17,-0.0055,-55.35,23200.49
2025-09-18,0.0046,46.08,23246.57
2025-09-19,0.0098,97.76,23344.33
2025-09-22,0.0156,156.28,23500.61
2025-09-23,-0.0085,-84.81,23415.8
2025-09-24,-0.0044,-43.57,23372.22
2025-09-25,0.0028,27.86,23400.08
2025-09-26,0.0014,14.22,23414.3
2025-09-29,0.0051,50.99,23465.3
2025-09-30,0.0066,66.31,23531.61
2025-10-01,0.0018,18.22,23549.83
2025-10-02,0.0019,18.79,23568.62
2025-10-03,-0.0004,-3.57,23565.05
2025-10-06,0.0004,4.3,23569.35
2025-10-07,-0.0019,-19.29,23550.06
2025-10-08,0.0051,51.38,23601.45
2025-10-09,-0.0007,-7.49,23593.95
2025-10-10,-0.0198,-198.28,23395.68
2025-10-13,0.0094,93.6,23489.28
2025-10-14,-0.0084,-84.25,23405.03
2025-10-15,0.0009,8.72,23413.75
2025-10-16,0.0019,19.11,23432.86
2025-10-17,0.0058,58.18,23491.03
2025-10-20,0.0082,81.55,23572.59
2025-10-21,-0.0006,-5.83,23566.75
2025-10-22,-0.0032,-31.76,23534.99
2025-10-23,0.0024,24.34,23559.33
2025-10-24,0.0085,84.67,23644
2025-10-27,0.0134,134.03,23778.03
2025-10-28,0.0151,151.15,23929.18
2025-10-29,0.004,40.31,23969.49
2025-10-30,-0.0091,-91.45,23878.04
2025-10-31,-0.0052,-52.19,23825.85
2025-11-03,0.0017,17.16,23843.01
2025-11-04,-0.0081,-80.76,23762.25
2025-11-05,-0.007,-70.26,23691.99
2025-11-06,-0.0104,-104.35,23587.64
2025-11-07,-0.0003,-2.52,23585.12
2025-11-10,0.0159,158.77,23743.89
2025-11-11,0.0004,3.6,23747.49
2025-11-12,0.0002,2.17,23749.66
2025-11-13,-0.0115,-115.1,23634.56
2025-11-14,0.0055,55.25,23689.82
2025-11-17,-0.0084,-83.83,23605.98
2025-11-18,-0.0109,-108.5,23497.48
2025-11-19,0.003,29.64,23527.12
2025-11-20,-0.0112,-112.33,23414.79
2025-11-21,0.0001,0.68,23415.47
2025-11-24,0.0088,87.61,23503.08
2025-11-25,-0.0018,-18.13,23484.95
2025-11-26,0.0072,72.08,23557.02
2025-11-27,0,0,23557.02
2025-11-28,-0.0004,-4.14,23552.88
2025-12-01,0.0019,19.44,23572.32
2025-12-02,0.0056,56.24,23628.56
2025-12-03,-0.0071,-70.64,23557.92
2025-12-04,0.0015,15.22,23573.15
2025-12-05,-0.0018,-17.9,23555.24
2025-12-08,0.0056,55.78,23611.02
2025-12-09,-0.001,-9.99,23601.03
2025-12-10,-0.0038,-37.79,23563.24
2025-12-11,-0.0015,-15.28,23547.96
2025-12-12,-0.0093,-93.26,23454.7
2025-12-15,-0.0019,-19.41,23435.29
2025-12-16,0.0024,23.72,23459.01
2025-12-17,-0.0099,-98.51,23360.5
2025-12-18,0.0081,80.53,23441.03
2025-12-19,0.0083,83.21,23524.24
2025-12-22,0.0013,13.33,23537.57
2025-12-23,0.0078,78.32,23615.89
2025-12-24,0.0016,15.73,23631.62
2025-12-25,0,0,23631.62
2025-12-26,0.0017,16.69,23648.31
2025-12-29,-0.0021,-20.52,23627.8
2025-12-30,-0.002,-20.31,23607.49
2025-12-31,-0.0043,-43.05,23564.44
2026-01-01,0,0,23564.44
